pixel_id,lon,lat,iron_oxide_ratio,ferrous_mineral_index,clay_mineral_ratio,ndvi,mn_indicator,elevation,slope,aspect,fault_proximity_km,prospectivity_prob,rf_prob,ensemble_diff,confidence
1,79.56181,21.71527,0.525,1.4422,1.4958,0.2568,0.7011,187.5,18.64,284.3,11.77,0.4417,0.5479,0.1062,HIGH
2,80.42607,21.68335,0.3623,1.2941,1.3205,0.4421,0.431,279.4,9.64,37.7,28.47,0.1807,0.1719,0.0088,HIGH
3,80.09799,21.32051,0.3113,1.2778,1.2435,0.5632,0.3994,217.9,10.0,301.1,46.78,0.0618,0.1142,0.0524,HIGH
4,79.89799,21.573,0.3398,1.2703,1.4686,0.4887,0.3453,496.3,15.98,146.9,17.42,0.1451,0.1637,0.0186,HIGH
5,79.23403,21.60416,0.4323,1.2799,1.2921,0.6308,0.5544,449.3,15.71,94.6,21.77,0.1777,0.1025,0.0752,HIGH
6,79.23399,21.61906,0.3734,1.281,1.3942,0.5406,0.563,454.6,13.78,207.3,23.4,0.1885,0.1835,0.005,HIGH
7,79.08713,21.76414,0.2636,1.0175,1.1051,0.5205,0.2758,82.9,20.35,296.0,43.96,0.0525,0.0075,0.045,HIGH
8,80.29926,21.72688,0.4352,1.4756,1.3254,0.3403,0.6275,168.8,13.79,280.3,15.44,0.1651,0.1942,0.0291,HIGH
9,79.90167,21.78632,0.246,1.1784,1.1497,0.4389,0.259,94.6,20.84,320.4,27.79,0.1281,0.02,0.1081,HIGH
10,80.06211,21.91191,0.4074,1.3239,1.3302,0.3961,0.5843,183.6,14.18,334.1,19.81,0.1403,0.0775,0.0628,HIGH
11,79.03088,21.95039,0.2074,1.0706,1.2062,0.5955,0.1808,219.1,9.85,85.7,65.34,0.0714,0.0085,0.0629,HIGH
12,80.45486,21.8745,0.4176,1.4392,1.4705,0.3876,0.6933,84.3,15.87,152.6,10.8,0.5018,0.2931,0.2088,MEDIUM
13,80.24866,22.06442,0.2791,1.2864,1.3219,0.3623,0.4557,483.1,11.59,5.3,24.2,0.1796,0.1029,0.0767,HIGH
14,79.31851,21.31459,0.5223,1.4636,1.3665,0.3466,0.7773,151.8,20.5,316.6,12.17,0.3687,0.428,0.0593,HIGH
15,79.27274,21.45662,0.5484,1.6493,1.5513,0.3636,0.9039,505.1,24.57,55.6,5.17,0.9607,0.9925,0.0317,HIGH
16,79.27511,21.30605,0.5502,1.4245,1.3285,0.4043,0.8352,164.7,15.1,310.1,11.65,0.2499,0.3105,0.0607,HIGH
17,79.45636,21.81798,0.3134,1.2922,1.4092,0.5254,0.4597,62.9,12.17,118.6,26.77,0.0944,0.1037,0.0093,HIGH
18,79.78713,22.01842,0.2111,1.348,1.2274,0.5445,0.2443,370.8,7.44,132.5,37.79,0.1009,0.123,0.0221,HIGH
19,79.64792,21.49479,0.4118,1.5009,1.4027,0.5108,0.5918,553.5,36.62,14.1,12.09,0.4429,0.3003,0.1425,HIGH
20,79.43684,22.04163,0.3407,1.251,1.3592,0.5464,0.3601,411.6,15.39,117.7,45.7,0.0756,0.1443,0.0687,HIGH
21,79.91778,21.34821,0.319,1.0975,1.1859,0.4594,0.3705,265.3,8.5,319.8,29.44,0.0575,0.0008,0.0567,HIGH
22,79.20924,22.04755,0.2324,1.1331,1.1208,0.4691,0.2966,396.8,13.26,9.2,63.77,0.0735,0.015,0.0585,HIGH
23,79.43822,21.5813,0.3472,1.1488,1.2114,0.5006,0.3314,494.8,19.04,146.3,26.95,0.1228,0.0008,0.122,HIGH
24,79.54954,21.38114,0.3571,1.098,1.2857,0.291,0.3693,387.2,10.39,11.3,28.35,0.2335,0.0181,0.2154,MEDIUM
25,79.6841,21.6887,0.6977,1.7227,1.6699,0.2305,1.1346,280.4,27.5,133.5,2.3,0.9659,1.0,0.0341,HIGH
26,80.17776,21.50542,0.3676,1.2996,1.3094,0.4984,0.4328,546.8,9.34,62.2,38.26,0.0773,0.1841,0.1069,HIGH
27,79.29951,21.5279,0.4314,1.5495,1.6273,0.2858,0.696,606.1,18.12,90.8,13.55,0.8047,0.8584,0.0537,HIGH
28,79.77135,21.54583,0.5563,1.7867,1.434,0.186,0.9572,500.8,23.22,315.9,3.14,0.9166,0.8207,0.0959,HIGH
29,79.88862,21.94242,0.2796,1.0362,1.3046,0.5756,0.2747,149.7,8.79,157.0,36.48,0.0538,0.0214,0.0325,HIGH
30,79.06968,21.73133,0.2997,1.1457,1.1962,0.5399,0.262,222.1,8.84,98.6,41.72,0.0691,0.0008,0.0683,HIGH
31,79.91132,21.54905,0.3484,1.3908,1.316,0.4441,0.4939,540.8,12.15,212.2,18.67,0.1602,0.021,0.1391,HIGH
32,79.25579,21.78827,0.2384,1.182,1.1907,0.5463,0.2796,68.5,13.73,51.2,41.94,0.0501,0.015,0.0351,HIGH
33,79.09758,21.87292,0.2841,0.9457,1.1461,0.5442,0.2323,32.7,7.47,93.4,54.6,0.0586,0.0008,0.0578,HIGH
34,80.42333,21.5181,0.2828,1.0737,1.3739,0.622,0.2942,563.4,8.61,196.6,42.4,0.0896,0.0621,0.0275,HIGH
35,80.44845,21.63084,0.3093,1.1961,1.3314,0.515,0.3789,427.7,16.54,85.5,34.22,0.0642,0.0335,0.0307,HIGH
36,80.2126,21.39751,0.2346,1.1937,1.2269,0.4158,0.2393,352.1,8.75,244.5,49.86,0.1052,0.0381,0.0671,HIGH
37,79.45692,21.44492,0.3616,1.0993,1.4449,0.5846,0.3237,478.7,13.62,176.9,21.58,0.1357,0.082,0.0537,HIGH
38,79.14651,21.84489,0.2261,1.1235,1.1038,0.5622,0.3444,41.4,18.53,277.9,49.99,0.0412,0.0175,0.0237,HIGH
39,80.02635,21.44515,0.3549,1.2217,1.1606,0.4559,0.4019,491.0,16.4,341.4,33.44,0.0523,0.0305,0.0217,HIGH
40,79.66023,21.72013,0.6926,1.8798,1.46,0.1457,1.2971,161.9,23.11,41.7,2.35,0.8902,0.8337,0.0565,HIGH
41,79.18306,21.86724,0.1781,1.2056,1.1667,0.5658,0.2652,101.2,8.47,120.5,51.51,0.0586,0.0221,0.0365,HIGH
42,79.74277,21.3855,0.356,1.4294,1.3824,0.422,0.6854,383.7,25.98,115.0,18.02,0.2906,0.147,0.1436,HIGH
43,79.05158,21.75385,0.2055,1.0739,1.2419,0.6523,0.1585,115.3,8.21,54.4,44.9,0.0634,0.0268,0.0366,HIGH
44,80.36398,21.50525,0.2564,0.9784,1.2552,0.4921,0.2733,540.8,8.59,291.7,40.76,0.0722,0.08,0.0078,HIGH
45,79.38817,22.07034,0.2663,1.0971,1.1099,0.4671,0.2568,473.8,6.78,273.6,51.44,0.0722,0.0175,0.0547,HIGH
46,79.99378,21.68684,0.2455,1.321,1.3398,0.5688,0.2974,252.1,8.51,174.4,31.47,0.0683,0.1885,0.1202,HIGH
47,79.46757,21.94479,0.2588,1.3369,1.2802,0.5813,0.31,174.9,12.83,193.6,35.03,0.0457,0.1844,0.1387,HIGH
48,79.7801,21.74018,0.4016,1.5298,1.4828,0.4066,0.558,144.2,19.85,21.4,13.35,0.8597,0.7683,0.0914,HIGH
49,79.82007,21.33473,0.3597,1.3196,1.159,0.5268,0.4727,279.1,23.31,200.0,25.15,0.1419,0.0367,0.1052,HIGH
50,79.27728,21.80652,0.2856,1.195,1.2606,0.522,0.2675,87.8,12.36,284.9,43.97,0.0412,0.0339,0.0073,HIGH
51,80.45438,22.06112,0.4607,1.4831,1.3791,0.3768,0.7305,489.0,17.08,206.6,10.0,0.6744,0.408,0.2663,MEDIUM
52,80.1627,21.78129,0.5021,1.5194,1.4385,0.454,0.7656,95.1,15.97,95.5,10.24,0.5097,0.7152,0.2056,MEDIUM
53,80.40925,21.95535,0.5675,1.88,1.6259,0.3318,1.088,178.9,37.24,240.3,4.43,0.9503,0.9992,0.0489,HIGH
54,80.34224,22.00737,0.4531,1.3909,1.448,0.3679,0.6069,339.1,16.29,130.1,12.17,0.4066,0.2566,0.15,MEDIUM
55,79.89685,21.48246,0.4814,1.5241,1.296,0.5433,0.7154,561.8,13.06,196.2,18.54,0.2147,0.6892,0.4744,LOW
56,80.38281,21.46964,0.3468,1.1207,1.2336,0.3376,0.4031,481.3,15.78,175.5,45.21,0.0703,0.0355,0.0348,HIGH
57,79.13274,21.78878,0.2161,1.2878,1.112,0.69,0.2201,94.3,9.9,137.2,44.49,0.0586,0.0959,0.0373,HIGH
58,79.29397,21.62882,0.3953,1.1438,1.4073,0.3328,0.4342,485.5,10.58,258.8,24.43,0.2396,0.2005,0.0391,HIGH
59,79.06784,21.97189,0.2991,1.1737,1.193,0.4932,0.3081,284.0,14.17,318.2,66.06,0.0469,0.0008,0.046,HIGH
60,79.488,22.02002,0.2317,1.0958,1.3329,0.5163,0.2093,413.6,26.8,1.9,40.69,0.0882,0.0724,0.0157,HIGH
61,79.58302,21.58274,0.4632,1.2647,1.3492,0.4043,0.4803,508.8,13.02,336.1,15.99,0.2075,0.2177,0.0102,HIGH
62,79.40702,21.4895,0.4798,1.3936,1.328,0.5116,0.7356,567.6,19.72,184.1,17.98,0.1932,0.272,0.0788,HIGH
63,80.24311,21.92442,0.4588,1.672,1.4333,0.2593,0.7328,123.8,18.76,252.3,8.82,0.8494,0.7589,0.0905,HIGH
64,79.53513,21.51984,0.3152,1.213,1.3935,0.4845,0.4405,573.9,12.91,308.0,23.29,0.1323,0.1016,0.0307,HIGH
65,79.4214,21.95809,0.3428,1.0246,1.1898,0.4711,0.4047,238.5,16.71,168.2,39.52,0.0453,0.0305,0.0148,HIGH
66,79.81404,21.63899,0.4719,1.4611,1.483,0.4116,0.6252,401.4,28.76,300.6,12.82,0.6369,0.5364,0.1005,HIGH
67,79.21139,21.83404,0.3037,1.1377,1.1984,0.5245,0.2911,89.5,7.38,63.9,47.39,0.0606,0.0008,0.0598,HIGH
68,80.2033,21.37643,0.2866,1.1895,1.0636,0.5422,0.4689,317.7,6.83,57.3,52.24,0.0963,0.0437,0.0526,HIGH
69,79.11183,21.79909,0.2973,1.2443,1.1852,0.4844,0.4575,59.5,6.57,236.7,46.38,0.048,0.0726,0.0246,HIGH
70,80.48033,21.66141,0.2399,1.1941,1.1682,0.4654,0.2849,341.6,10.8,313.3,34.62,0.0648,0.0221,0.0427,HIGH
71,80.15837,21.76929,0.5274,1.6856,1.4527,0.398,0.9018,69.8,15.06,321.3,11.54,0.8494,0.8284,0.021,HIGH
72,79.29807,21.43441,0.6525,1.7341,1.487,0.3579,1.1,470.9,22.41,231.7,4.47,0.9596,0.9821,0.0225,HIGH
73,79.00828,21.8895,0.2505,1.0867,1.2874,0.4928,0.2939,35.9,5.84,189.2,60.35,0.0503,0.0741,0.0238,HIGH
74,80.22319,21.99024,0.4202,1.2453,1.3843,0.3464,0.4874,329.1,14.74,119.3,15.98,0.2828,0.1733,0.1095,HIGH
75,80.06029,21.47339,0.2247,1.1649,1.2428,0.5592,0.1602,524.8,7.44,352.8,36.16,0.0751,0.0393,0.0357,HIGH
76,80.09351,21.37657,0.3091,1.1258,1.2896,0.5214,0.2819,318.6,13.7,115.1,43.29,0.0733,0.0181,0.0552,HIGH
77,80.15691,21.31891,0.2978,1.2302,1.2985,0.6015,0.3675,168.7,6.8,267.9,52.49,0.0523,0.0357,0.0166,HIGH
78,79.11107,21.81358,0.2722,1.1913,1.2265,0.4578,0.2677,48.2,7.72,191.5,47.91,0.0503,0.013,0.0373,HIGH
79,79.5377,21.78568,0.4665,1.267,1.3164,0.283,0.5877,99.4,20.29,219.1,17.19,0.1698,0.1887,0.019,HIGH
80,79.1738,21.73736,0.2801,1.2005,1.1101,0.4709,0.2826,174.5,12.57,141.7,37.67,0.0444,0.0008,0.0436,HIGH
81,80.29466,21.48556,0.3172,1.2365,1.1884,0.4584,0.3531,514.2,7.72,347.3,40.73,0.0699,0.0118,0.0581,HIGH
82,79.93495,21.61272,0.3156,1.4601,1.2802,0.453,0.5035,424.4,10.48,205.8,22.48,0.1358,0.1198,0.0159,HIGH
83,79.49635,21.77558,0.3787,1.4197,1.3529,0.398,0.55,111.3,15.8,337.6,20.69,0.1617,0.1447,0.017,HIGH
84,79.09534,21.69741,0.29,1.2627,1.2265,0.5714,0.3657,227.6,9.15,2.7,37.02,0.0747,0.0699,0.0048,HIGH
85,79.46647,22.09023,0.2854,1.149,1.2819,0.5081,0.3719,510.9,11.89,206.2,48.68,0.0555,0.0214,0.0342,HIGH
86,79.48777,21.40915,0.3338,1.3207,1.2646,0.4825,0.4649,415.4,11.9,258.2,24.66,0.1239,0.056,0.0679,HIGH
87,80.09441,21.85612,0.4276,1.5523,1.4,0.4194,0.736,65.4,14.88,268.2,14.88,0.5626,0.6625,0.0999,HIGH
88,79.95634,21.62346,0.3909,1.1437,1.4054,0.4882,0.4241,453.3,11.83,325.8,25.11,0.1884,0.2486,0.0602,HIGH
89,80.33082,21.64256,0.3264,1.2397,1.3365,0.4717,0.3832,346.5,14.89,1.6,25.34,0.1483,0.1245,0.0239,HIGH
90,79.70832,21.87408,0.3061,1.2653,1.3468,0.4847,0.3223,12.4,20.36,0.1,19.87,0.1199,0.1137,0.0062,HIGH
91,79.17939,21.85395,0.3596,1.1773,1.1765,0.4691,0.402,37.9,6.19,170.0,50.13,0.0487,0.0338,0.0148,HIGH
92,80.06987,22.093,0.3829,1.3365,1.2202,0.6123,0.5599,566.9,10.81,10.5,32.52,0.1069,0.0718,0.0351,HIGH
93,80.14118,21.40272,0.2121,1.0878,1.1616,0.5103,0.2957,457.8,6.32,350.8,47.03,0.0722,0.0092,0.063,HIGH
94,79.84192,21.38329,0.4097,1.0835,1.2958,0.3477,0.4919,405.7,13.09,79.9,21.3,0.2449,0.0858,0.1591,MEDIUM
95,80.15645,21.87947,0.4908,1.5315,1.5559,0.3582,0.6619,69.5,25.48,170.2,8.76,0.9451,0.8264,0.1188,HIGH
96,79.74069,21.76271,0.4989,1.6104,1.4442,0.2986,0.8576,57.5,17.27,22.0,10.77,0.8532,0.7939,0.0593,HIGH
97,79.7841,21.51933,0.5873,1.7273,1.4505,0.3523,0.9226,479.7,30.12,187.9,5.54,0.9166,0.8267,0.0899,HIGH
98,79.64131,21.36354,0.3489,1.3394,1.4643,0.6408,0.5122,283.3,13.9,136.8,23.37,0.1394,0.1143,0.0251,HIGH
99,79.03813,21.36853,0.3071,1.2431,1.3326,0.4122,0.3633,308.3,20.16,16.1,25.68,0.2557,0.1089,0.1468,HIGH
100,79.16184,22.01535,0.224,0.9872,1.0969,0.57,0.2562,398.9,11.04,120.6,66.07,0.0707,0.0025,0.0682,HIGH
101,79.04714,21.45349,0.3062,1.3329,1.278,0.3302,0.3415,522.9,9.97,140.9,24.71,0.2319,0.0902,0.1417,HIGH
102,79.95462,21.5587,0.3181,1.2115,1.3307,0.501,0.4439,538.3,10.92,356.4,23.51,0.1147,0.0613,0.0534,HIGH
103,79.47153,21.48133,0.352,1.5058,1.4535,0.3972,0.4568,504.9,11.69,74.8,24.17,0.2448,0.3241,0.0793,HIGH
104,79.76286,21.584,0.556,1.7648,1.4912,0.2341,0.9479,471.6,20.94,196.1,4.58,0.9596,0.9793,0.0197,HIGH
105,80.36135,21.35554,0.2993,1.0689,1.2949,0.4501,0.27,289.4,8.41,355.4,56.46,0.0594,0.0181,0.0413,HIGH
106,79.37394,21.71525,0.3881,1.1522,1.3828,0.559,0.3595,227.6,10.38,285.1,32.54,0.1013,0.1549,0.0536,HIGH
107,79.61557,21.35409,0.3169,1.2612,1.2562,0.556,0.4044,289.9,21.78,357.6,25.74,0.1347,0.16,0.0253,HIGH
108,80.13333,21.94029,0.4469,1.4048,1.3833,0.408,0.7181,147.2,15.49,348.6,14.81,0.1915,0.2528,0.0613,HIGH
109,79.3432,21.48697,0.4927,1.5988,1.3591,0.3115,0.9212,556.1,20.84,176.2,12.09,0.7927,0.7935,0.0009,HIGH
110,79.11547,21.73201,0.3159,1.1938,1.2307,0.6443,0.382,182.1,18.26,250.7,39.38,0.0399,0.0058,0.0341,HIGH
111,79.43463,22.00406,0.2889,1.0893,1.2361,0.4626,0.3706,300.1,14.94,39.8,42.46,0.0568,0.0058,0.051,HIGH
112,79.24183,21.8207,0.3162,1.3408,1.2851,0.3544,0.4356,28.7,7.23,158.8,45.6,0.0712,0.0825,0.0112,HIGH
113,80.39455,21.72637,0.3887,1.3086,1.4145,0.4976,0.5336,202.2,12.83,291.2,22.78,0.126,0.1669,0.0409,HIGH
114,80.21218,21.55947,0.2544,1.2947,1.2138,0.4101,0.3122,523.7,9.65,181.9,31.9,0.0965,0.1069,0.0104,HIGH
115,79.95011,21.5664,0.406,1.2393,1.1677,0.5415,0.513,571.1,12.05,253.0,23.07,0.1609,0.0943,0.0665,HIGH
116,80.30719,21.83559,0.5587,1.6062,1.492,0.3139,0.9242,65.1,18.54,268.5,8.86,0.9267,0.9756,0.0489,HIGH
117,80.20551,22.09531,0.2969,1.2823,1.318,0.5322,0.3517,501.2,15.78,91.2,27.74,0.1389,0.1043,0.0345,HIGH
118,79.27986,21.82947,0.2816,0.9638,1.2529,0.6391,0.2675,50.0,8.72,315.3,45.28,0.0523,0.0339,0.0184,HIGH
119,80.33884,21.74623,0.4505,1.5972,1.3586,0.324,0.7165,142.3,15.36,165.5,16.57,0.5366,0.7051,0.1686,MEDIUM
120,79.80901,21.88452,0.3347,1.3983,1.3157,0.4307,0.5093,59.3,25.4,75.7,25.87,0.1529,0.021,0.1319,HIGH
121,80.21116,21.67216,0.4437,1.3093,1.4769,0.435,0.5277,284.7,11.47,311.5,19.43,0.2272,0.3935,0.1664,MEDIUM
122,80.34414,21.34811,0.3831,1.0162,1.247,0.6614,0.3867,284.4,8.34,150.4,56.79,0.0949,0.0826,0.0123,HIGH
123,79.47701,21.74984,0.3324,1.3511,1.3054,0.4027,0.5447,158.9,16.36,270.1,21.77,0.0978,0.0264,0.0714,HIGH
124,79.16508,22.0661,0.1881,1.1214,1.1679,0.4969,0.2692,488.4,5.97,197.3,68.93,0.0722,0.0125,0.0597,HIGH
125,79.3419,21.44024,0.5259,1.5991,1.4761,0.3855,0.9085,520.2,20.37,137.5,9.09,0.9212,0.8864,0.0348,HIGH
126,79.64066,21.852,0.447,1.4053,1.5098,0.3786,0.6294,37.8,13.25,291.6,17.12,0.317,0.4107,0.0937,HIGH
127,80.22702,21.46075,0.2729,1.2118,1.2236,0.5354,0.3467,557.7,14.61,210.4,42.81,0.0578,0.013,0.0448,HIGH
128,80.2911,21.72866,0.5074,1.5732,1.4037,0.2822,0.8484,149.5,14.8,140.6,14.82,0.5816,0.7801,0.1985,MEDIUM
129,79.01043,21.37734,0.264,1.3007,1.2513,0.6642,0.4214,305.8,10.19,39.5,28.56,0.2329,0.4692,0.2363,MEDIUM
130,79.76612,21.6603,0.5051,1.3869,1.5328,0.2707,0.6029,288.7,18.44,322.4,11.88,0.5267,0.4912,0.0354,HIGH
131,79.62612,21.90493,0.3315,1.435,1.481,0.4373,0.4099,96.8,10.78,12.8,23.19,0.1504,0.4506,0.3003,LOW
132,79.33316,21.57806,0.471,1.5041,1.3861,0.4424,0.7739,493.8,12.34,310.7,20.04,0.3329,0.5143,0.1814,MEDIUM
133,79.1798,21.83193,0.3752,1.4607,1.2351,0.6831,0.5343,65.8,8.29,129.6,47.73,0.0889,0.1548,0.0659,HIGH
134,79.50642,21.93636,0.2787,1.1068,1.2774,0.3919,0.2749,177.1,9.73,230.2,31.7,0.0678,0.0244,0.0434,HIGH
135,80.41436,22.04174,0.4918,1.6029,1.3084,0.4993,0.7256,385.4,19.94,332.0,8.55,0.8942,0.7475,0.1467,HIGH
136,79.4848,21.48771,0.3886,1.0617,1.3658,0.5362,0.3848,525.4,12.91,54.6,25.79,0.2247,0.1688,0.056,HIGH
137,79.77819,21.61945,0.495,1.6253,1.5045,0.3777,0.7344,424.9,20.1,204.1,8.86,0.9596,0.9312,0.0284,HIGH
138,80.05453,21.42193,0.2957,1.1304,1.2875,0.4339,0.4388,386.0,11.38,275.2,37.29,0.0803,0.0675,0.0128,HIGH
139,79.54544,22.09399,0.2801,1.3436,1.1751,0.5733,0.3752,484.7,7.75,272.7,45.76,0.0829,0.074,0.0088,HIGH
140,80.45767,22.0416,0.434,1.5202,1.4803,0.2744,0.6568,397.7,17.98,189.2,7.9,0.685,0.7653,0.0802,HIGH
141,80.44367,21.73197,0.3405,1.0932,1.2684,0.5804,0.4016,212.4,14.77,224.9,26.58,0.0788,0.066,0.0128,HIGH
142,79.37767,21.97363,0.2472,1.1092,1.3169,0.4477,0.3223,262.2,14.02,272.7,44.18,0.0632,0.0824,0.0192,HIGH
143,79.74587,21.71677,0.4877,1.3689,1.4612,0.3369,0.7149,223.0,17.85,302.8,8.98,0.5404,0.3758,0.1645,MEDIUM
144,79.45132,21.79887,0.4149,1.3399,1.4696,0.4335,0.6096,20.4,11.21,274.3,26.31,0.1696,0.22,0.0504,HIGH
145,79.42726,21.3713,0.3356,1.1574,1.3994,0.3556,0.3569,357.0,14.36,127.4,18.47,0.2041,0.0545,0.1497,HIGH
146,79.05533,21.90422,0.3032,1.1252,1.1119,0.5995,0.3263,148.1,8.61,358.8,59.56,0.0523,0.0008,0.0515,HIGH
147,79.91435,21.40217,0.3366,1.071,1.3014,0.5146,0.3989,335.9,13.78,156.4,24.95,0.1277,0.0487,0.0789,HIGH
148,79.75402,21.96085,0.3079,1.1958,1.2278,0.5908,0.3418,204.3,8.37,8.8,30.53,0.0634,0.0058,0.0576,HIGH
149,79.07722,21.92562,0.3011,1.285,1.0374,0.3986,0.3867,162.5,10.63,130.5,60.87,0.06,0.0649,0.005,HIGH
150,79.41797,21.867,0.3281,1.2446,1.3958,0.5876,0.4283,82.8,7.97,46.0,33.25,0.0683,0.191,0.1226,HIGH
151,80.3624,21.32893,0.2913,1.0363,1.2704,0.7405,0.3411,196.5,8.09,43.7,59.34,0.0634,0.0254,0.038,HIGH
152,79.35934,21.5425,0.4514,1.3689,1.4127,0.3949,0.529,534.5,18.83,101.4,17.96,0.2773,0.1838,0.0935,HIGH
153,79.21734,21.51049,0.4482,1.4837,1.4519,0.5346,0.7008,531.0,16.95,19.2,12.31,0.3599,0.3807,0.0207,HIGH
154,79.73418,21.58811,0.5611,1.7548,1.4691,0.2632,0.973,497.4,20.83,247.9,4.58,0.919,0.8417,0.0773,HIGH
155,80.47848,21.37011,0.2082,0.9855,1.1751,0.4305,0.2405,354.1,22.36,26.6,59.73,0.1231,0.0025,0.1206,HIGH
156,79.36308,22.04957,0.2293,1.1958,1.2902,0.5096,0.313,414.7,14.72,73.2,51.39,0.0667,0.082,0.0154,HIGH
157,80.0082,21.74304,0.4865,0.9879,1.2149,0.5646,0.561,176.6,14.86,33.4,26.97,0.1202,0.162,0.0418,HIGH
158,80.14243,21.54442,0.3677,1.1357,1.0591,0.4398,0.4853,519.1,9.59,22.7,34.84,0.1077,0.0517,0.056,HIGH
159,79.35646,21.61759,0.2822,1.2284,1.2926,0.4244,0.4139,414.5,10.24,96.4,25.09,0.2201,0.2429,0.0228,HIGH
160,80.09232,21.65776,0.2794,1.3332,1.2948,0.5232,0.4447,372.3,20.6,205.9,25.8,0.1832,0.0904,0.0928,HIGH
161,79.55167,21.78048,0.4506,1.4161,1.407,0.413,0.6526,112.7,15.88,347.3,15.58,0.1715,0.1932,0.0218,HIGH
162,79.94846,21.71254,0.3552,1.0977,1.3447,0.5363,0.3915,238.5,16.11,315.2,29.22,0.0475,0.0345,0.013,HIGH
163,79.95029,22.03551,0.3253,1.0866,1.3042,0.5318,0.3972,367.8,8.8,315.3,37.3,0.0773,0.0335,0.0438,HIGH
164,79.80366,21.69757,0.4178,1.4409,1.4213,0.4479,0.6386,234.9,14.66,63.4,15.21,0.1926,0.1756,0.0171,HIGH
165,79.13543,22.09373,0.2492,1.1018,1.3017,0.5112,0.2591,538.5,22.19,95.4,73.4,0.0787,0.0774,0.0013,HIGH
166,80.25295,21.98114,0.4469,1.363,1.2791,0.4281,0.6294,276.3,15.97,27.5,15.21,0.2236,0.1156,0.1079,HIGH
167,79.48117,21.46681,0.3562,1.2331,1.3536,0.3965,0.4375,483.4,10.14,280.2,24.73,0.2003,0.0905,0.1098,HIGH
168,79.27978,22.04448,0.1533,1.1949,1.2659,0.642,0.1404,440.8,6.62,25.1,57.5,0.0905,0.0946,0.0041,HIGH
169,79.06116,21.39309,0.3531,1.2519,1.2282,0.4101,0.5066,353.1,12.72,200.4,22.78,0.1557,0.0592,0.0966,HIGH
170,79.88634,21.95396,0.2554,1.1765,1.1331,0.603,0.3032,263.0,7.31,89.2,37.27,0.0714,0.02,0.0514,HIGH
171,80.01635,21.6045,0.3288,1.4415,1.2181,0.4769,0.5764,512.1,10.6,87.6,30.98,0.0706,0.0495,0.0211,HIGH
172,79.02488,22.00238,0.4056,0.9689,1.1541,0.5612,0.3118,346.1,7.45,356.7,70.91,0.1159,0.0432,0.0727,HIGH
173,79.76814,21.99445,0.3248,1.0151,1.323,0.4665,0.3019,349.1,13.55,272.4,34.57,0.0572,0.0247,0.0325,HIGH
174,79.33974,21.94474,0.2639,1.2309,1.1837,0.4457,0.3265,190.0,8.07,301.3,45.33,0.0678,0.0498,0.018,HIGH
175,79.96776,21.93202,0.3685,1.1608,1.2119,0.3541,0.4846,183.6,24.41,205.9,30.42,0.0652,0.0517,0.0135,HIGH
176,79.26155,21.54374,0.4593,1.3973,1.3568,0.3216,0.6618,587.3,14.03,313.6,14.79,0.245,0.2496,0.0047,HIGH
177,80.03641,21.36474,0.3159,1.1017,1.3394,0.4892,0.3635,312.1,10.57,232.4,38.38,0.0628,0.0247,0.038,HIGH
178,79.5801,21.62238,0.4876,1.4425,1.4313,0.4057,0.647,422.2,14.59,340.6,12.91,0.3612,0.2786,0.0827,HIGH
179,80.40509,21.43882,0.3761,1.3012,1.2115,0.6127,0.4315,421.1,11.33,101.3,49.32,0.1001,0.1877,0.0877,HIGH
180,79.20628,21.85596,0.216,1.2202,1.2162,0.4968,0.2797,53.5,27.0,214.3,49.87,0.0505,0.0331,0.0173,HIGH
181,79.5116,21.57688,0.3939,1.3999,1.4369,0.386,0.4832,535.2,17.18,248.4,21.98,0.2582,0.1627,0.0955,HIGH
182,79.17021,22.08049,0.2106,0.9707,1.1478,0.4292,0.1779,523.2,8.55,141.5,69.43,0.1075,0.0025,0.105,HIGH
183,80.38704,21.81278,0.4301,1.2557,1.4745,0.4699,0.5652,70.8,14.42,316.7,18.03,0.1179,0.2946,0.1767,MEDIUM
184,80.31601,21.95798,0.3926,1.1513,1.4263,0.514,0.4029,202.4,20.59,352.7,14.48,0.1594,0.2,0.0406,HIGH
185,79.38691,21.40602,0.4295,1.3752,1.4097,0.4955,0.6708,345.3,24.9,177.8,13.48,0.2835,0.1538,0.1297,HIGH
186,79.98998,21.98961,0.3058,1.3211,1.4785,0.5519,0.4652,281.3,26.25,140.6,30.84,0.0899,0.3222,0.2322,MEDIUM
187,80.22583,22.03821,0.4241,1.3744,1.2547,0.5037,0.5043,404.2,12.59,169.9,21.29,0.1884,0.0866,0.1018,HIGH
188,79.8328,21.68965,0.4443,1.3416,1.3366,0.5704,0.5495,259.0,30.4,307.0,18.47,0.1938,0.1103,0.0835,HIGH
189,79.79448,21.785,0.3495,1.3853,1.2811,0.4508,0.3699,98.1,12.87,232.4,17.03,0.0782,0.0779,0.0003,HIGH
190,79.36278,21.91185,0.2908,1.0988,1.3185,0.5721,0.2804,181.5,7.86,16.1,41.12,0.0634,0.0247,0.0387,HIGH
191,79.13965,21.43987,0.4046,1.4583,1.5463,0.3765,0.6283,477.8,13.82,195.2,14.35,0.4351,0.4992,0.0641,HIGH
192,80.34582,21.70205,0.3171,1.4077,1.478,0.3399,0.4256,231.5,12.05,6.2,20.68,0.1969,0.3534,0.1564,MEDIUM
193,80.35063,21.61893,0.3195,1.0813,1.3872,0.4328,0.3686,429.4,14.42,280.3,28.68,0.0864,0.0555,0.0309,HIGH
194,79.94965,21.4171,0.3228,1.2868,1.2822,0.4807,0.3392,432.8,16.59,118.2,27.13,0.1228,0.1043,0.0185,HIGH
195,79.50854,21.59403,0.4978,1.4181,1.3113,0.4565,0.7458,459.6,16.66,169.9,21.13,0.2015,0.2687,0.0672,HIGH
196,79.52381,21.35454,0.3489,1.1959,1.1522,0.644,0.3896,282.9,12.42,287.5,29.33,0.0459,0.0008,0.045,HIGH
197,80.08893,21.32065,0.2096,1.2208,1.3946,0.5343,0.2565,211.2,9.15,16.7,45.93,0.0759,0.1033,0.0274,HIGH
198,80.34567,21.40813,0.2436,1.4203,1.2618,0.6273,0.3414,415.7,10.9,57.1,50.37,0.0821,0.2034,0.1213,HIGH
199,80.33063,22.07049,0.4645,1.3801,1.3422,0.3881,0.5775,491.9,14.25,143.3,16.86,0.2405,0.1676,0.0728,HIGH
200,80.16981,21.73962,0.5544,1.4949,1.5285,0.3695,0.7711,166.5,21.25,82.8,13.5,0.4899,0.6616,0.1716,MEDIUM
201,79.96305,22.07266,0.2148,1.1046,1.1712,0.4094,0.2856,428.8,11.48,121.6,38.68,0.0834,0.0125,0.0709,HIGH
202,79.12621,21.646,0.2286,1.2473,1.3132,0.4341,0.3051,395.3,13.01,359.3,30.37,0.0816,0.1792,0.0976,HIGH
203,79.24244,21.54945,0.5196,1.459,1.3818,0.4552,0.8106,519.0,15.9,297.1,15.63,0.229,0.4202,0.1913,MEDIUM
204,80.34783,21.70491,0.4003,1.352,1.3964,0.4489,0.5574,198.2,19.47,318.2,20.57,0.126,0.1406,0.0146,HIGH
205,79.90964,21.65161,0.3282,1.2142,1.3301,0.5308,0.4057,329.6,11.57,337.3,21.78,0.1291,0.0632,0.0659,HIGH
206,79.0138,21.38453,0.36,1.2686,1.1764,0.4998,0.3703,366.8,10.62,122.7,28.1,0.1371,0.0683,0.0688,HIGH
207,79.15221,21.81266,0.146,1.2956,1.2369,0.5002,0.1756,49.0,12.25,106.9,46.37,0.0444,0.1298,0.0854,HIGH
208,79.99525,21.47283,0.3281,1.2834,1.3705,0.6613,0.4197,472.3,11.18,84.3,29.2,0.0797,0.3349,0.2552,MEDIUM
209,79.00759,21.79567,0.2869,1.2326,1.2204,0.5266,0.4512,82.5,14.71,298.8,51.45,0.0393,0.0632,0.0238,HIGH
210,79.24121,21.82016,0.3254,1.1282,1.2944,0.6203,0.4015,9.2,8.0,244.6,45.54,0.0493,0.0565,0.0073,HIGH
211,79.8231,21.42162,0.3655,1.4705,1.301,0.3886,0.6143,442.8,14.23,85.0,16.58,0.2019,0.1312,0.0707,HIGH
212,80.03784,21.34908,0.2964,1.2027,1.2446,0.574,0.3863,272.9,15.65,135.7,39.46,0.0547,0.0362,0.0185,HIGH
213,79.97794,21.92461,0.2821,1.1443,1.2372,0.5633,0.2873,172.2,10.98,182.4,29.09,0.0412,0.0058,0.0354,HIGH
214,79.3364,21.66784,0.3388,1.2669,1.3442,0.5076,0.435,376.3,11.28,190.1,29.62,0.0583,0.117,0.0587,HIGH
215,80.06827,21.34653,0.2404,1.0633,1.2416,0.3343,0.2674,218.5,8.18,319.9,42.45,0.0797,0.0218,0.0579,HIGH
216,79.35587,22.09589,0.2453,1.0646,1.2727,0.5392,0.2142,515.0,6.99,137.0,55.87,0.0838,0.0704,0.0134,HIGH
217,79.4881,21.34622,0.2963,1.2897,1.3938,0.5737,0.3629,250.4,13.54,327.1,25.71,0.1165,0.1152,0.0013,HIGH
218,80.11974,21.85603,0.5004,1.5171,1.4974,0.4227,0.7489,69.0,15.19,158.9,12.08,0.5415,0.8726,0.3311,LOW
219,79.97445,22.08694,0.3367,1.0589,1.2705,0.5516,0.4368,511.0,15.4,268.7,38.8,0.0535,0.0612,0.0077,HIGH
220,80.27384,21.49134,0.2796,1.279,1.1661,0.38,0.2536,529.3,12.88,334.9,39.74,0.0747,0.0679,0.0067,HIGH
221,79.98642,21.4138,0.3225,1.2828,1.2783,0.4374,0.474,408.8,8.99,326.7,30.83,0.0929,0.0825,0.0104,HIGH
222,79.85246,21.39711,0.3076,1.2607,1.3019,0.4818,0.341,350.5,15.52,20.5,20.67,0.1517,0.1043,0.0473,HIGH
223,79.14051,21.54262,0.3689,1.1842,1.3212,0.4787,0.3682,573.2,14.64,74.1,20.19,0.1305,0.0414,0.0891,HIGH
224,79.55157,21.38084,0.3302,1.2326,1.2619,0.5828,0.466,358.5,9.49,171.7,28.2,0.1565,0.0722,0.0843,HIGH
225,79.3978,21.85373,0.4381,1.1569,1.185,0.494,0.5434,82.3,8.81,155.4,34.38,0.0684,0.069,0.0006,HIGH
226,79.36598,21.34983,0.4002,1.4772,1.2721,0.4224,0.6539,258.3,16.25,230.7,13.03,0.2955,0.2138,0.0817,HIGH
227,80.45952,21.70754,0.4005,1.2011,1.2324,0.4912,0.5211,205.1,13.24,340.1,29.33,0.0525,0.0727,0.0201,HIGH
228,79.58965,22.09736,0.3301,0.9531,1.2491,0.4475,0.4176,486.0,10.42,40.5,44.93,0.1155,0.2351,0.1196,HIGH
229,80.33807,21.95118,0.4807,1.4464,1.3329,0.201,0.7233,213.5,17.67,162.7,12.17,0.2939,0.3118,0.0178,HIGH
230,79.94671,21.79218,0.4045,1.1878,1.2753,0.5327,0.4727,40.4,13.81,69.3,31.81,0.0633,0.0825,0.0192,HIGH
231,80.19222,21.545,0.3281,1.2691,1.4181,0.5176,0.4335,597.6,13.32,321.9,33.69,0.0616,0.16,0.0984,HIGH
232,79.75396,21.79912,0.456,1.3619,1.4892,0.3554,0.6833,25.9,17.14,347.2,14.66,0.3073,0.4977,0.1904,MEDIUM
233,79.86536,21.72163,0.3661,1.479,1.4634,0.3281,0.5025,200.3,16.46,172.3,22.18,0.1373,0.2062,0.0688,HIGH
234,79.73878,21.64087,0.553,1.3387,1.5,0.4123,0.7077,435.4,17.37,37.4,10.34,0.7762,0.5539,0.2224,MEDIUM
235,79.29286,21.40457,0.6784,1.8952,1.7085,0.2382,1.2703,419.3,30.13,282.7,3.1,0.9626,1.0,0.0374,HIGH
236,80.08368,22.00928,0.3241,1.265,1.2592,0.5126,0.3048,350.4,13.5,251.0,24.16,0.1203,0.1216,0.0013,HIGH
237,79.42116,21.65983,0.2697,1.3383,1.2436,0.6325,0.3678,313.6,15.72,127.7,27.62,0.1655,0.1349,0.0306,HIGH
238,79.03647,21.4557,0.3347,1.2766,1.0863,0.3049,0.333,458.8,12.38,319.5,25.92,0.1456,0.0649,0.0807,HIGH
239,79.96821,21.59421,0.3072,1.3868,1.4029,0.4184,0.4287,507.2,10.31,351.3,25.51,0.246,0.1645,0.0814,HIGH
240,79.26567,21.6313,0.3501,1.245,1.438,0.4529,0.4792,455.5,12.72,200.8,24.5,0.1289,0.1119,0.0169,HIGH
241,80.41069,21.96203,0.6651,1.618,1.5482,0.3917,1.0522,215.1,22.55,203.7,4.03,0.9599,0.9963,0.0365,HIGH
242,80.43089,21.88689,0.4811,1.6935,1.4619,0.2216,0.8986,49.9,21.07,107.1,9.53,0.8902,0.8192,0.071,HIGH
243,80.3723,21.91544,0.4909,1.5208,1.4098,0.5158,0.6736,54.6,18.39,210.4,10.25,0.4686,0.6349,0.1664,MEDIUM
244,79.55524,21.30883,0.3122,1.2276,1.2965,0.5147,0.4428,142.0,14.87,158.3,33.74,0.0376,0.0675,0.0298,HIGH
245,79.02318,21.63292,0.3426,1.3128,1.3458,0.5033,0.4836,403.2,11.77,108.8,36.51,0.0721,0.0416,0.0306,HIGH
246,80.39248,21.68508,0.2346,1.1691,1.1683,0.4588,0.1884,327.8,13.92,24.2,25.57,0.1566,0.015,0.1416,HIGH
247,79.64228,21.31535,0.3028,1.3073,1.3251,0.4505,0.5313,205.9,9.67,91.0,28.12,0.1121,0.069,0.0431,HIGH
248,80.44998,21.50785,0.2909,1.0949,1.2115,0.6103,0.3153,557.3,22.95,71.2,44.93,0.0845,0.0008,0.0836,HIGH
249,80.44543,21.90823,0.6053,1.6118,1.5372,0.2348,0.9318,103.7,25.5,195.1,7.01,0.9464,0.9943,0.048,HIGH
250,80.27951,21.40969,0.2494,1.1499,1.2634,0.559,0.2164,395.4,12.29,216.6,48.81,0.0633,0.0925,0.0292,HIGH
251,79.44167,21.72825,0.2554,1.1264,1.2952,0.4421,0.2767,219.6,11.01,219.1,25.17,0.1252,0.0774,0.0478,HIGH
252,79.57765,21.47216,0.4148,1.26,1.3404,0.385,0.5163,528.1,14.02,139.7,20.19,0.2214,0.1182,0.1033,HIGH
253,80.27671,21.3097,0.2306,1.2571,1.1967,0.7472,0.295,110.3,6.14,151.6,59.82,0.0586,0.0959,0.0373,HIGH
254,79.47538,21.49296,0.2907,1.3667,1.3889,0.5056,0.3824,520.8,12.54,300.3,25.02,0.1516,0.1254,0.0261,HIGH
255,79.25424,22.0807,0.2295,1.1127,1.2454,0.5908,0.287,469.4,6.1,171.4,62.3,0.0751,0.0685,0.0066,HIGH
256,79.8352,21.94123,0.3041,1.2368,1.288,0.5918,0.3567,163.9,11.03,355.6,32.66,0.0412,0.0357,0.0055,HIGH
257,80.40423,22.06766,0.4434,1.4682,1.3469,0.2623,0.5543,490.0,19.13,158.3,11.64,0.6253,0.217,0.4083,LOW
258,80.04404,21.69028,0.2298,1.3957,1.2698,0.6202,0.3132,263.6,10.98,233.8,26.79,0.1127,0.1894,0.0767,HIGH
259,79.85509,21.38779,0.4172,1.2975,1.4079,0.2541,0.423,359.4,13.2,18.1,21.68,0.3088,0.3015,0.0073,HIGH
260,79.14576,21.73837,0.3577,1.2013,1.2518,0.4543,0.4474,195.4,15.29,235.2,38.74,0.0355,0.0781,0.0426,HIGH
261,79.92251,21.6635,0.391,1.4074,1.3732,0.4289,0.5013,312.7,10.28,306.5,23.7,0.3503,0.1589,0.1915,MEDIUM
262,80.48508,21.97549,0.539,1.6371,1.7256,0.3276,0.8905,316.9,26.65,339.3,4.38,0.9659,0.9925,0.0266,HIGH
263,79.21013,21.37847,0.5334,1.7776,1.6092,0.3392,1.0139,318.8,18.79,359.0,7.12,0.9531,0.9972,0.0442,HIGH
264,79.77749,21.69059,0.4641,1.3282,1.4457,0.3699,0.569,268.8,14.68,101.6,12.34,0.3211,0.263,0.0581,HIGH
265,80.31606,21.42004,0.3046,1.3069,1.1866,0.5298,0.4512,426.9,6.92,207.1,48.32,0.0846,0.0688,0.0158,HIGH
266,80.11115,21.55974,0.3405,1.1643,1.0592,0.4273,0.3748,534.1,13.33,162.3,34.37,0.0723,0.0008,0.0715,HIGH
267,80.04552,21.88989,0.3421,1.3047,1.3296,0.3301,0.5339,101.3,12.8,203.0,20.83,0.0978,0.0735,0.0243,HIGH
268,80.05373,21.68081,0.3447,1.072,1.2746,0.5377,0.3512,303.5,17.26,56.7,26.69,0.1123,0.0211,0.0911,HIGH
269,79.53924,21.60071,0.4261,1.327,1.4015,0.4863,0.5234,450.1,14.79,308.2,17.93,0.1987,0.1246,0.0741,HIGH
270,79.44039,21.61558,0.4127,1.1559,1.2876,0.6068,0.5114,410.4,9.09,327.4,26.81,0.2089,0.0772,0.1316,HIGH
271,80.21404,21.66756,0.4213,1.2812,1.3256,0.381,0.518,398.6,16.09,161.9,19.91,0.2225,0.1045,0.118,HIGH
272,80.21517,21.92801,0.5489,1.5474,1.3459,0.4037,0.8072,137.9,17.0,101.0,9.17,0.8388,0.7401,0.0987,HIGH
273,80.30061,22.01367,0.4184,1.4877,1.3073,0.3996,0.5986,376.8,18.53,50.7,16.79,0.3058,0.189,0.1168,HIGH
274,80.36986,22.06427,0.5228,1.4803,1.4629,0.4879,0.7716,418.7,14.72,246.2,13.32,0.3533,0.4992,0.1459,HIGH
275,79.76701,21.92952,0.3552,1.2814,1.4314,0.5659,0.5223,147.1,10.46,112.4,27.8,0.1149,0.094,0.0209,HIGH
276,79.75227,21.55233,0.6273,1.7377,1.6592,0.24,0.9933,533.2,29.41,327.4,1.14,0.9626,0.998,0.0354,HIGH
277,80.19744,21.85051,0.6863,1.6629,1.6331,0.2381,1.1424,67.6,33.61,241.6,3.43,0.9503,1.0,0.0497,HIGH
278,79.97495,21.65008,0.368,1.4276,1.3685,0.5623,0.5566,284.8,10.55,232.4,28.13,0.1347,0.102,0.0326,HIGH
279,80.05295,21.50374,0.2837,1.1258,1.1972,0.5583,0.3291,551.7,14.56,201.4,34.74,0.0578,0.0008,0.0569,HIGH
280,80.19369,21.9727,0.4141,1.5999,1.4383,0.349,0.7279,219.6,14.2,16.5,14.53,0.672,0.6984,0.0265,HIGH
281,80.33501,21.33074,0.2783,1.0996,1.1557,0.4333,0.3023,230.9,12.18,335.5,58.46,0.0632,0.0008,0.0624,HIGH
282,79.50699,22.02141,0.3143,1.1733,1.3149,0.4949,0.3595,343.4,11.11,226.1,39.84,0.061,0.0214,0.0396,HIGH
283,79.56337,21.66918,0.4792,1.5969,1.4558,0.5007,0.7948,293.8,15.6,357.9,11.97,0.7087,0.7851,0.0764,HIGH
284,79.14097,21.80976,0.2933,1.2764,1.2547,0.6202,0.3793,49.1,7.67,193.4,46.42,0.0523,0.1303,0.078,HIGH
285,79.86742,21.82748,0.4272,1.2528,1.2398,0.3893,0.5157,19.0,9.66,255.6,26.39,0.1584,0.0876,0.0709,HIGH
286,79.05391,22.01609,0.3098,1.0723,1.2635,0.4517,0.358,347.5,7.21,20.2,71.2,0.0951,0.0306,0.0644,HIGH
287,79.6984,21.80934,0.4702,1.4689,1.6009,0.4881,0.6581,21.8,15.27,227.4,12.64,0.3933,0.5665,0.1732,MEDIUM
288,79.81397,21.79115,0.4389,1.3859,1.277,0.3488,0.5777,17.7,15.43,275.3,19.22,0.143,0.084,0.059,HIGH
289,79.42981,21.35332,0.3395,1.4401,1.3297,0.481,0.4625,306.8,32.09,280.3,19.3,0.1849,0.0439,0.141,HIGH
290,79.88625,21.71473,0.3738,1.2851,1.334,0.4199,0.548,169.0,9.67,277.2,24.41,0.1584,0.1418,0.0167,HIGH
291,79.04575,21.42014,0.4442,1.3464,1.3782,0.5987,0.4371,430.2,12.73,81.5,24.43,0.232,0.1879,0.0441,HIGH
292,79.05602,21.88995,0.2529,1.2883,1.1705,0.4777,0.3455,110.6,9.02,351.1,58.07,0.0503,0.1059,0.0556,HIGH
293,80.2339,21.70978,0.3885,1.4596,1.1743,0.5008,0.5687,201.0,22.86,358.3,15.18,0.1479,0.1554,0.0076,HIGH
294,79.54029,21.84418,0.3427,1.354,1.448,0.4673,0.38,26.5,13.39,27.2,21.28,0.1097,0.1322,0.0225,HIGH
295,79.19059,21.33334,0.415,1.3383,1.5047,0.3995,0.5709,234.1,17.89,337.1,11.95,0.506,0.3878,0.1182,HIGH
296,79.78336,21.36783,0.3424,1.0709,1.2068,0.29,0.3904,346.0,13.4,104.2,20.47,0.1802,0.0008,0.1794,MEDIUM
297,80.15499,21.87306,0.4993,1.615,1.449,0.1654,0.8359,33.7,18.16,248.1,8.64,0.8494,0.7939,0.0555,HIGH
298,79.32373,21.35767,0.4462,1.5642,1.6215,0.3251,0.5653,282.6,17.07,121.7,8.73,0.9467,0.8353,0.1114,HIGH
299,79.93434,21.35701,0.3251,1.1806,1.3984,0.512,0.4521,233.5,10.4,348.4,29.99,0.0659,0.0913,0.0254,HIGH
300,79.12802,21.30969,0.4394,1.3809,1.4354,0.3478,0.5699,161.5,11.63,36.5,18.94,0.1952,0.1617,0.0335,HIGH
301,79.07752,22.0652,0.2094,1.1025,1.1912,0.4592,0.2652,469.7,8.41,179.2,75.6,0.0722,0.0125,0.0597,HIGH
302,79.79703,21.89001,0.4228,1.385,1.3143,0.5196,0.6226,62.5,10.77,154.1,25.58,0.1206,0.0718,0.0488,HIGH
303,79.81095,21.5826,0.5462,1.5898,1.4903,0.3845,0.8245,488.8,20.08,117.4,8.46,0.9607,0.9609,0.0001,HIGH
304,79.95614,21.53723,0.4101,1.2183,1.4109,0.4546,0.5326,504.0,10.4,232.4,23.68,0.2277,0.1551,0.0726,HIGH
305,80.08914,21.57976,0.2777,1.3068,1.1973,0.5653,0.3437,508.9,18.48,47.2,33.38,0.0772,0.0977,0.0205,HIGH
306,80.46378,21.91972,0.6052,1.6338,1.4827,0.213,0.8852,167.9,27.88,258.0,6.07,0.8904,0.9642,0.0738,HIGH
307,79.77445,21.8291,0.3421,1.4134,1.4438,0.4074,0.5419,17.4,12.36,353.0,18.67,0.1208,0.0872,0.0336,HIGH
308,79.48443,21.44816,0.3969,1.2343,1.3102,0.6022,0.4512,469.7,11.23,289.6,24.65,0.1609,0.1074,0.0535,HIGH
309,80.19278,21.43929,0.2881,1.0875,1.3431,0.5325,0.2706,488.1,10.11,309.6,45.36,0.0751,0.028,0.047,HIGH
310,79.40625,21.37872,0.4497,1.4143,1.3374,0.4263,0.6159,375.9,13.05,129.5,16.01,0.2673,0.1227,0.1446,HIGH
311,79.65846,21.82824,0.3823,1.4409,1.4079,0.5859,0.5644,5.6,15.24,117.0,14.26,0.1506,0.1697,0.0191,HIGH
312,79.11768,21.9115,0.2191,1.1726,1.1416,0.4273,0.254,116.2,6.77,186.1,57.97,0.0678,0.015,0.0528,HIGH
313,79.03803,21.51204,0.3653,1.2251,1.2956,0.5472,0.475,557.7,18.68,16.5,27.66,0.135,0.046,0.089,HIGH
314,80.44397,21.31676,0.2125,0.934,1.0928,0.6754,0.1315,185.8,13.1,340.3,63.49,0.0412,0.0025,0.0387,HIGH
315,80.25397,21.36574,0.2913,1.089,1.1812,0.5099,0.2802,233.0,9.28,51.8,53.43,0.0719,0.0008,0.071,HIGH
316,80.04396,22.07429,0.2455,1.2928,1.156,0.5691,0.3115,499.8,10.78,325.1,32.52,0.0594,0.1009,0.0415,HIGH
317,79.61343,21.53636,0.4813,1.4062,1.4654,0.3245,0.7717,592.2,24.08,30.1,14.45,0.4108,0.3835,0.0273,HIGH
318,79.25994,21.91538,0.2093,1.1126,1.2806,0.4788,0.2272,131.7,16.71,296.1,51.09,0.0396,0.0754,0.0358,HIGH
319,79.23466,21.79973,0.311,1.2579,1.0986,0.5549,0.4454,33.7,20.42,54.7,43.33,0.0608,0.0816,0.0208,HIGH
320,79.37536,21.60555,0.3825,1.2088,1.4192,0.5351,0.4644,448.4,10.04,13.7,24.83,0.2738,0.179,0.0949,HIGH
321,79.82384,21.46455,0.4229,1.315,1.6306,0.4781,0.5319,565.8,14.93,259.0,12.87,0.4702,0.3911,0.0791,HIGH
322,80.07189,21.39711,0.3195,1.1557,1.2485,0.6442,0.3569,411.3,11.31,100.9,40.15,0.065,0.0365,0.0285,HIGH
323,79.9903,21.79201,0.3515,1.2089,1.247,0.4758,0.4165,91.0,12.05,257.2,27.08,0.0713,0.2211,0.1498,HIGH
324,79.4199,21.91971,0.2728,1.0918,1.4812,0.6068,0.328,146.9,7.28,199.8,36.68,0.0628,0.2837,0.2209,MEDIUM
325,80.4323,21.81512,0.3577,1.3636,1.2702,0.3996,0.5565,34.6,12.28,39.2,17.41,0.1173,0.0392,0.0781,HIGH
326,80.10685,21.72424,0.2947,1.4031,1.3603,0.5111,0.4315,180.2,20.11,335.6,19.11,0.1258,0.1872,0.0614,HIGH
327,79.83153,21.33356,0.3635,1.2697,1.321,0.492,0.5208,225.5,17.39,162.8,25.73,0.0901,0.0782,0.0119,HIGH
328,79.91758,22.07479,0.2062,1.1919,1.3459,0.5589,0.1975,502.1,8.3,264.4,42.79,0.0777,0.0904,0.0127,HIGH
329,79.6294,21.93897,0.3445,1.4409,1.3285,0.5141,0.4756,220.7,17.86,180.4,26.85,0.1007,0.0439,0.0568,HIGH
330,79.3716,21.53426,0.3888,1.3358,1.3289,0.3035,0.4831,581.0,15.36,217.6,18.08,0.2192,0.0936,0.1256,HIGH
331,79.53396,22.08398,0.3139,1.1811,1.1572,0.4367,0.3865,457.6,12.89,109.0,45.1,0.0808,0.0008,0.08,HIGH
332,80.13677,21.78151,0.4481,1.4281,1.4096,0.3924,0.622,90.5,16.71,72.1,12.44,0.2694,0.1849,0.0845,HIGH
333,79.02159,21.76594,0.2589,1.0606,1.1477,0.3952,0.3111,127.9,6.61,195.3,47.85,0.0678,0.0075,0.0603,HIGH
334,79.17411,21.89846,0.303,1.0707,1.2221,0.6037,0.2779,118.6,8.01,158.5,55.1,0.0538,0.0058,0.048,HIGH
335,79.069,21.94942,0.2766,1.0696,1.1658,0.6121,0.298,179.8,7.88,140.4,63.67,0.0586,0.0008,0.0578,HIGH
336,79.06109,21.82518,0.2865,1.1726,1.1034,0.5601,0.3702,138.4,9.12,242.1,51.31,0.0523,0.0008,0.0515,HIGH
337,80.28319,21.40248,0.2963,1.3755,1.3258,0.4426,0.3042,358.2,6.46,248.6,49.65,0.1158,0.0952,0.0206,HIGH
338,80.05549,21.57061,0.229,1.1275,1.2221,0.617,0.3643,486.1,26.5,16.5,34.77,0.0883,0.0335,0.0548,HIGH
339,79.71126,22.04247,0.3328,1.1384,1.1486,0.678,0.3647,429.7,8.12,121.9,38.33,0.079,0.0008,0.0782,HIGH
340,79.14675,21.47969,0.4606,1.4136,1.3865,0.4218,0.5498,593.6,13.88,148.2,15.26,0.2865,0.219,0.0675,HIGH
341,79.73742,21.59773,0.5211,1.7118,1.5631,0.3405,0.8999,453.0,22.3,34.9,5.58,0.9637,0.9925,0.0288,HIGH
342,79.71021,21.64566,0.5207,1.6293,1.3746,0.3461,0.8501,369.1,20.66,84.9,7.73,0.923,0.7854,0.1375,HIGH
343,79.2598,21.65152,0.3383,1.3889,1.3268,0.5222,0.4657,395.3,11.33,18.6,26.75,0.1637,0.0244,0.1393,HIGH
344,79.65078,21.79035,0.4874,1.2913,1.3875,0.3506,0.6789,73.0,21.76,358.6,10.18,0.5208,0.2989,0.2219,MEDIUM
345,79.59776,22.05446,0.3072,0.9333,1.3819,0.5157,0.3241,437.9,9.71,265.2,40.08,0.0862,0.0588,0.0274,HIGH
346,79.92378,21.49255,0.4493,1.2774,1.3838,0.5231,0.5888,557.7,14.44,31.5,20.97,0.2217,0.1895,0.0322,HIGH
347,79.95264,21.3972,0.3846,1.3529,1.2575,0.675,0.5429,392.4,13.73,7.3,28.64,0.1134,0.1006,0.0128,HIGH
348,79.06796,21.45798,0.3005,1.1498,1.2694,0.3477,0.3403,534.5,10.26,258.9,22.56,0.1939,0.0276,0.1663,MEDIUM
349,79.56192,22.00954,0.332,0.8898,1.2482,0.5021,0.3842,384.5,10.65,158.1,36.27,0.0605,0.0362,0.0244,HIGH
350,79.93879,21.81665,0.3812,1.2722,1.321,0.4052,0.411,63.0,16.5,283.2,32.28,0.074,0.3427,0.2687,MEDIUM
351,79.7547,21.52873,0.6571,1.8137,1.6288,0.3758,1.1988,557.8,22.3,332.5,2.48,0.9626,1.0,0.0374,HIGH
352,80.28473,21.95276,0.5061,1.3493,1.4065,0.3462,0.6861,212.8,16.03,215.7,13.38,0.2903,0.3053,0.015,HIGH
353,79.98804,21.9891,0.4205,1.1258,1.2824,0.3802,0.5141,309.5,18.53,67.4,31.0,0.1301,0.0701,0.06,HIGH
354,79.2444,21.97721,0.3167,1.0306,1.1689,0.589,0.2842,266.9,7.43,281.6,56.07,0.0598,0.0008,0.059,HIGH
355,79.10585,22.03514,0.2686,1.1219,1.1793,0.6848,0.2142,406.4,7.73,344.1,71.56,0.0779,0.0125,0.0654,HIGH
356,79.96363,21.50179,0.4025,1.2155,1.1445,0.5251,0.4971,581.8,25.42,208.9,25.01,0.211,0.0677,0.1433,HIGH
357,79.03977,21.90403,0.2693,1.1709,1.2913,0.557,0.3294,154.2,6.43,245.5,60.23,0.0523,0.0639,0.0116,HIGH
358,79.87866,21.66843,0.3854,1.0532,1.373,0.4783,0.4804,276.1,11.24,121.5,20.14,0.1736,0.1783,0.0047,HIGH
359,80.41035,21.9736,0.5875,1.6456,1.5327,0.387,0.9034,256.7,28.63,137.3,3.94,0.9619,0.9899,0.028,HIGH
360,79.86321,21.88279,0.4034,1.1211,1.4354,0.4216,0.5099,58.4,16.46,264.5,29.79,0.0845,0.1741,0.0897,HIGH
361,79.58225,21.92116,0.3019,1.2394,1.3101,0.4688,0.4926,129.6,11.68,334.0,26.28,0.0703,0.0936,0.0233,HIGH
362,79.96493,21.82493,0.404,1.1838,1.2031,0.4536,0.4594,63.1,11.33,226.4,29.31,0.0525,0.0677,0.0151,HIGH
363,79.68738,21.44194,0.4777,1.5401,1.4938,0.2989,0.6712,497.9,21.24,284.3,13.28,0.8784,0.8475,0.0309,HIGH
364,79.81843,21.73602,0.3392,1.1969,1.4086,0.4,0.3856,157.5,17.44,61.8,17.31,0.1264,0.0632,0.0632,HIGH
365,80.4122,22.08774,0.4691,1.4614,1.4546,0.4825,0.6863,448.2,15.15,76.3,13.44,0.2517,0.4169,0.1651,MEDIUM
366,79.57915,22.04991,0.1856,1.2281,1.2111,0.5637,0.2562,409.6,6.87,191.5,40.04,0.0779,0.0348,0.0431,HIGH
367,80.44179,21.33454,0.2924,1.3055,1.2484,0.5929,0.3522,257.1,8.11,63.6,61.57,0.0789,0.1752,0.0963,HIGH
368,80.35803,21.43185,0.3191,1.096,1.2067,0.5424,0.4275,377.0,13.94,228.6,48.22,0.0603,0.0863,0.026,HIGH
369,79.29369,21.40538,0.5923,1.7937,1.6578,0.3026,1.0068,438.8,30.58,105.0,3.17,0.9637,0.998,0.0343,HIGH
370,79.10404,21.88078,0.2725,0.9487,1.0658,0.4732,0.1716,92.4,18.24,285.0,55.19,0.0396,0.0008,0.0388,HIGH
371,79.15117,21.95423,0.3588,0.8805,1.1776,0.5166,0.3713,249.3,13.96,290.9,61.67,0.0441,0.0042,0.0399,HIGH
372,79.02733,21.47081,0.3121,1.3399,1.4349,0.4974,0.3045,514.5,12.36,167.0,27.28,0.1554,0.1083,0.0472,HIGH
373,79.14166,21.70468,0.2507,1.1947,1.1982,0.5305,0.2893,169.8,9.73,65.1,35.42,0.0606,0.0271,0.0334,HIGH
374,80.02451,21.97256,0.4152,1.3799,1.253,0.5047,0.7289,266.7,15.02,232.8,26.59,0.159,0.1842,0.0252,HIGH
375,79.10678,21.88624,0.364,0.9909,1.1818,0.5266,0.3601,121.5,11.09,357.4,55.66,0.0388,0.0042,0.0346,HIGH
376,79.47846,21.73379,0.3759,1.3755,1.2425,0.422,0.4611,193.3,13.68,224.1,21.23,0.1403,0.0867,0.0536,HIGH
377,80.26731,21.77228,0.5579,1.7443,1.3092,0.6025,0.9702,76.3,16.8,12.9,9.31,0.815,0.803,0.012,HIGH
378,79.03491,21.70669,0.3539,1.2075,1.2225,0.5939,0.4248,229.4,17.06,6.2,41.66,0.057,0.1035,0.0466,HIGH
379,80.2217,21.53804,0.2704,1.23,1.2748,0.5383,0.3407,529.9,9.99,115.3,34.24,0.0838,0.0959,0.0121,HIGH
380,79.42278,21.75202,0.3111,1.2526,1.2906,0.465,0.4227,105.0,10.6,70.5,27.68,0.0872,0.2256,0.1384,HIGH
381,79.17725,21.85111,0.3341,0.9829,1.2134,0.4964,0.2764,82.3,9.97,292.7,49.87,0.0473,0.0008,0.0465,HIGH
382,80.04511,21.99866,0.4263,1.3992,1.3057,0.4679,0.6808,282.8,13.57,304.1,26.42,0.1489,0.1386,0.0103,HIGH
383,79.94341,21.80903,0.3445,1.1569,1.3556,0.5218,0.4108,31.0,8.9,93.1,31.87,0.0619,0.2635,0.2016,MEDIUM
384,80.31621,21.9089,0.425,1.5398,1.4281,0.2292,0.6908,83.7,21.99,117.2,11.99,0.7428,0.6466,0.0962,HIGH
385,80.10261,21.42806,0.3853,1.0077,1.1941,0.3965,0.3569,407.0,7.97,85.0,42.06,0.1549,0.0506,0.1043,HIGH
386,80.20522,21.66925,0.3602,1.2252,1.3295,0.3927,0.5057,323.7,11.91,327.0,19.83,0.1608,0.0494,0.1115,HIGH
387,79.42305,21.30747,0.3616,1.4716,1.3889,0.4668,0.5192,203.4,12.79,181.0,20.89,0.1039,0.1225,0.0185,HIGH
388,79.26616,21.49734,0.5195,1.514,1.5934,0.3346,0.8004,538.1,21.46,236.2,9.63,0.8775,0.7584,0.1191,HIGH
389,80.12592,21.88117,0.5468,1.6349,1.3932,0.4978,0.8474,32.0,28.2,149.6,11.98,0.7182,0.7854,0.0672,HIGH
390,80.21025,22.09345,0.379,1.2456,1.3038,0.3643,0.4223,538.6,15.46,227.2,27.49,0.2144,0.344,0.1295,HIGH
391,80.48576,21.37934,0.2836,0.9387,1.2413,0.4799,0.3006,391.7,16.85,138.9,59.21,0.068,0.0058,0.0622,HIGH
392,79.61893,21.6212,0.5166,1.622,1.3911,0.4823,0.8158,413.0,16.43,122.3,10.23,0.8682,0.7818,0.0864,HIGH
393,79.55803,21.94006,0.3298,1.1791,1.2879,0.5001,0.3462,163.4,8.75,228.4,29.25,0.0473,0.0181,0.0292,HIGH
394,80.16462,21.46323,0.3117,1.2299,1.1203,0.5945,0.3512,526.4,9.76,212.8,43.11,0.0751,0.0118,0.0633,HIGH
395,79.51121,21.74407,0.2767,1.3749,1.2287,0.5949,0.4154,193.3,13.18,105.7,17.94,0.0968,0.2495,0.1527,MEDIUM
396,80.39614,21.88646,0.4687,1.3608,1.4888,0.3129,0.6064,67.9,22.42,53.8,10.92,0.7447,0.457,0.2876,MEDIUM
397,80.28762,21.79279,0.5259,1.5854,1.4624,0.3369,0.8278,31.0,21.18,132.7,8.89,0.8902,0.8147,0.0755,HIGH
398,79.64349,21.45042,0.3702,1.6357,1.4137,0.3899,0.6063,511.0,27.03,149.5,15.46,0.6193,0.6126,0.0067,HIGH
399,80.12631,21.58431,0.3384,1.2721,1.2753,0.3399,0.3345,523.9,9.25,226.3,31.21,0.091,0.1086,0.0176,HIGH
400,80.13181,21.92703,0.4346,1.4406,1.3383,0.3737,0.5525,150.7,16.32,329.2,13.94,0.1458,0.1069,0.0389,HIGH
401,79.15469,21.74338,0.3812,1.2847,1.2446,0.5867,0.5065,129.2,9.71,13.0,38.94,0.0835,0.1248,0.0413,HIGH
402,80.35383,21.30418,0.3397,1.1406,1.1136,0.5847,0.3506,191.5,6.58,87.7,61.78,0.057,0.0008,0.0562,HIGH
403,79.75788,21.90879,0.3252,1.2961,1.4208,0.5229,0.4744,132.4,12.95,69.7,25.29,0.0948,0.105,0.0102,HIGH
404,80.23969,21.32825,0.2567,1.0161,1.1073,0.5089,0.3091,192.2,7.97,180.8,57.53,0.0503,0.0075,0.0428,HIGH
405,79.48007,21.89659,0.3202,1.2547,1.2664,0.4401,0.4377,98.8,10.65,154.7,30.09,0.0539,0.1168,0.0629,HIGH
406,80.34328,21.46198,0.2584,1.2587,1.1511,0.6274,0.4162,468.7,8.18,262.5,44.54,0.0795,0.2983,0.2189,MEDIUM
407,79.5838,22.06646,0.2965,1.0817,1.2865,0.4816,0.3166,491.6,6.7,87.3,41.7,0.0833,0.0181,0.0652,HIGH
408,79.01626,21.59435,0.2692,1.3439,1.2369,0.5291,0.3942,476.0,10.49,214.0,34.38,0.0657,0.1349,0.0692,HIGH
409,80.35807,21.56155,0.2493,1.19,1.2205,0.5197,0.2674,515.6,9.11,318.2,34.75,0.0722,0.0381,0.034,HIGH
410,79.13693,21.41911,0.4716,1.3499,1.4799,0.5188,0.7592,432.4,13.47,327.8,14.31,0.2267,0.5301,0.3034,LOW
411,79.47897,21.54448,0.3701,1.3573,1.3008,0.5588,0.6015,543.7,10.41,345.2,27.06,0.1626,0.0771,0.0855,HIGH
412,80.42509,22.00132,0.5629,1.699,1.6336,0.1718,0.9569,352.2,22.0,278.4,4.04,0.9646,0.9972,0.0326,HIGH
413,80.42591,22.09707,0.4874,1.5185,1.3356,0.3051,0.7595,535.7,15.56,326.2,14.12,0.2916,0.6825,0.3908,LOW
414,79.86016,21.59465,0.4126,1.416,1.3034,0.4453,0.6522,478.7,14.19,84.4,14.0,0.2554,0.1072,0.1483,HIGH
415,79.94776,21.65889,0.3579,1.2634,1.3144,0.4707,0.4449,367.9,12.07,71.1,25.85,0.1356,0.097,0.0386,HIGH
416,79.67267,21.87766,0.4286,1.3939,1.3274,0.4066,0.5646,85.4,15.83,2.3,19.73,0.1699,0.0717,0.0982,HIGH
417,79.43982,22.00896,0.2833,1.1912,1.2889,0.6041,0.3811,331.5,10.53,254.5,42.55,0.0674,0.0301,0.0373,HIGH
418,79.493,21.77444,0.4004,1.1274,1.3355,0.4657,0.4553,89.4,17.19,337.5,20.98,0.0965,0.1025,0.006,HIGH
419,80.00878,21.61322,0.2968,1.117,1.2971,0.4977,0.3407,444.4,10.63,67.3,30.37,0.0661,0.0181,0.048,HIGH
420,80.12856,21.6301,0.3322,1.3565,1.1724,0.5408,0.4089,428.1,12.02,229.3,26.43,0.126,0.1962,0.0702,HIGH
421,80.18737,21.85649,0.5799,1.6916,1.7291,0.2554,0.895,45.2,26.77,268.7,4.66,0.9503,0.9925,0.0421,HIGH
422,80.18443,21.30257,0.2282,1.0753,1.2041,0.6634,0.2572,146.6,7.92,333.9,56.04,0.0523,0.0025,0.0498,HIGH
423,79.13681,21.79567,0.2712,1.0175,1.2892,0.4636,0.3212,127.3,11.17,232.9,45.07,0.0396,0.0547,0.0151,HIGH
424,79.74163,21.58439,0.5251,1.6187,1.5248,0.3284,0.8387,528.0,22.95,349.3,4.07,0.9596,0.9626,0.0029,HIGH
425,79.08634,21.93536,0.2366,0.9177,1.237,0.656,0.2889,144.8,7.66,124.1,61.55,0.0586,0.0218,0.0368,HIGH
426,79.82429,21.37439,0.3613,1.3131,1.2353,0.3422,0.4392,346.0,16.29,126.0,21.25,0.1939,0.0574,0.1365,HIGH
427,79.6623,21.77056,0.5181,1.5395,1.5483,0.3041,0.7448,102.3,18.25,195.5,7.85,0.9267,0.9406,0.0138,HIGH
428,80.33156,21.68478,0.3631,1.2259,1.3106,0.544,0.4418,292.3,12.22,138.1,21.3,0.1072,0.0588,0.0484,HIGH
429,79.52637,21.81386,0.3818,1.333,1.3522,0.5377,0.5048,59.2,12.01,0.5,20.06,0.1363,0.1327,0.0036,HIGH
430,79.1756,21.35188,0.4938,1.5272,1.5001,0.3653,0.7926,308.4,16.55,263.4,11.93,0.6779,0.8726,0.1947,MEDIUM
431,79.21449,21.76399,0.3354,1.3833,1.1477,0.4588,0.4252,119.3,7.9,270.6,39.63,0.0531,0.0946,0.0415,HIGH
432,80.14227,21.74919,0.4071,1.2858,1.3559,0.479,0.5918,132.9,16.89,268.9,14.39,0.1077,0.1938,0.0861,HIGH
433,79.92733,21.74853,0.2667,1.3526,1.322,0.5849,0.4591,167.3,14.82,124.2,29.43,0.0489,0.1227,0.0738,HIGH
434,79.15168,21.78279,0.2315,1.257,1.4052,0.4307,0.289,89.2,12.67,188.0,43.2,0.0642,0.186,0.1218,HIGH
435,79.12616,21.84117,0.2477,1.0612,1.2134,0.4366,0.3253,54.3,7.79,129.6,50.24,0.0757,0.0185,0.0572,HIGH
436,80.05145,21.94399,0.3496,1.3287,1.3775,0.4769,0.4117,195.8,28.16,5.8,22.4,0.1467,0.2768,0.1302,HIGH
437,79.10914,21.51586,0.3395,1.2818,1.3337,0.5008,0.489,547.0,14.29,202.5,20.93,0.1088,0.0749,0.0339,HIGH
438,80.23279,21.96004,0.396,1.4934,1.5896,0.3621,0.6438,223.8,16.41,44.6,12.62,0.5863,0.5233,0.063,HIGH
439,80.05936,21.6986,0.3281,1.4302,1.1723,0.5259,0.5124,228.8,16.7,28.8,24.9,0.1252,0.023,0.1023,HIGH
440,79.12202,21.36165,0.4228,1.4516,1.3894,0.3659,0.6129,274.5,17.51,272.0,16.84,0.2295,0.2043,0.0252,HIGH
441,79.12726,21.34684,0.4427,1.4406,1.2511,0.2541,0.4901,230.2,17.78,3.4,16.91,0.221,0.135,0.086,HIGH
442,80.47996,21.56739,0.2589,1.1223,1.0403,0.4875,0.2584,480.6,7.51,345.2,41.72,0.0722,0.0175,0.0547,HIGH
443,79.56141,21.92792,0.3137,1.1016,1.3176,0.4894,0.3143,125.9,11.28,185.5,27.87,0.0713,0.0214,0.0499,HIGH
444,79.55596,21.86614,0.3225,1.2905,1.3433,0.4355,0.3673,57.5,18.2,353.9,22.16,0.0927,0.1087,0.0159,HIGH
445,80.2192,21.93089,0.5038,1.6747,1.461,0.2587,0.8499,161.4,19.16,20.9,9.43,0.8532,0.8167,0.0365,HIGH
446,80.42087,21.71382,0.3022,1.1154,1.2966,0.3312,0.3161,201.9,13.8,210.1,25.97,0.0983,0.0181,0.0802,HIGH
447,80.479,21.65216,0.3329,1.091,1.5082,0.4667,0.322,290.8,10.96,125.8,35.22,0.126,0.2742,0.1482,HIGH
448,80.13007,21.41796,0.1903,1.1653,1.2122,0.5988,0.1688,478.2,13.71,303.7,45.31,0.0578,0.021,0.0368,HIGH
449,79.56439,21.56255,0.3756,1.2568,1.4004,0.5388,0.4363,560.2,12.72,130.0,19.02,0.2076,0.2048,0.0028,HIGH
450,79.12525,21.64722,0.3369,1.1486,1.2279,0.5891,0.4431,386.7,11.62,93.8,30.54,0.0656,0.0462,0.0194,HIGH
451,80.16572,21.37088,0.2804,1.0954,1.2472,0.4682,0.2741,377.3,6.47,308.7,50.86,0.0789,0.0274,0.0515,HIGH
452,79.83761,21.47649,0.589,1.3268,1.408,0.2987,0.7558,497.5,18.77,134.9,13.14,0.4013,0.3474,0.0538,HIGH
453,79.63633,21.77858,0.5241,1.4588,1.4523,0.3901,0.7418,144.1,21.67,6.1,9.35,0.609,0.4697,0.1392,HIGH
454,80.35953,21.88853,0.4025,1.5307,1.5707,0.4431,0.6331,57.2,14.18,140.5,13.28,0.8184,0.7786,0.0398,HIGH
455,79.1668,22.09868,0.2516,0.9805,1.3012,0.5771,0.2695,527.1,9.79,235.6,70.97,0.0751,0.0674,0.0077,HIGH
456,79.73894,22.04649,0.2037,1.0158,1.2582,0.3558,0.0547,393.2,9.03,91.6,39.29,0.1171,0.075,0.0421,HIGH
457,79.01703,21.81405,0.2651,1.071,1.0369,0.4658,0.335,55.4,6.38,155.5,52.6,0.0517,0.0125,0.0392,HIGH
458,79.70299,21.637,0.4855,1.6659,1.4791,0.3321,0.8806,408.9,19.5,20.4,8.07,0.8934,0.9543,0.0609,HIGH
459,79.08445,21.80894,0.3201,1.1236,1.4433,0.57,0.3072,53.2,6.95,211.7,48.57,0.0608,0.0645,0.0037,HIGH
460,79.17823,21.92852,0.2361,1.0777,1.1966,0.6008,0.2058,174.9,7.75,272.3,58.3,0.0523,0.0025,0.0498,HIGH
461,79.17629,21.39467,0.4899,1.5414,1.5613,0.3704,0.7327,381.2,17.86,148.8,10.07,0.9527,0.9314,0.0213,HIGH
462,79.97382,21.62792,0.3065,1.0825,1.4135,0.5078,0.294,402.1,14.29,151.3,27.11,0.1662,0.0545,0.1117,HIGH
463,80.11907,21.97184,0.4855,1.4136,1.3826,0.4412,0.6976,235.0,17.56,31.8,18.45,0.2559,0.2938,0.0379,HIGH
464,79.87505,21.60707,0.4055,1.4433,1.3233,0.4714,0.4879,485.2,16.36,72.7,16.06,0.2,0.1073,0.0927,HIGH
465,80.44326,21.7575,0.4497,1.2513,1.1253,0.4909,0.5068,100.2,9.9,55.7,23.74,0.1381,0.1053,0.0328,HIGH
466,79.56231,21.77022,0.4852,1.5464,1.4709,0.404,0.8273,126.7,24.34,173.4,13.96,0.6495,0.8023,0.1529,MEDIUM
467,79.42857,21.44758,0.4218,1.2498,1.2989,0.4137,0.4808,524.1,16.2,190.5,18.55,0.2014,0.1058,0.0957,HIGH
468,80.3029,21.58979,0.3442,1.3474,1.2982,0.4976,0.5259,441.3,8.51,341.6,29.67,0.0739,0.0304,0.0435,HIGH
469,79.33539,21.56761,0.4128,1.3699,1.259,0.4774,0.5833,556.1,18.19,26.4,19.07,0.2006,0.0905,0.11,HIGH
470,80.44483,21.32096,0.1638,1.0844,1.1901,0.5635,0.0872,260.2,6.35,216.0,63.09,0.0618,0.0025,0.0593,HIGH
471,79.01823,21.31935,0.3137,1.236,1.2889,0.5201,0.4194,202.3,11.91,189.5,29.27,0.0411,0.2396,0.1985,MEDIUM
472,80.45482,21.96536,0.7108,1.8334,1.6866,0.3319,1.2974,254.2,26.12,185.8,1.2,0.9638,1.0,0.0362,HIGH
473,79.06474,21.51846,0.346,1.397,1.2202,0.4947,0.4606,581.1,11.55,314.3,25.31,0.122,0.0253,0.0967,HIGH
474,80.33671,21.71446,0.3238,1.2484,1.4558,0.3861,0.4164,200.2,20.22,74.0,18.97,0.1721,0.3598,0.1877,MEDIUM
475,79.79155,21.53898,0.5714,1.5999,1.5123,0.3686,0.938,550.9,21.7,14.7,5.47,0.9607,0.9756,0.0149,HIGH
476,80.48945,22.05254,0.5787,1.6365,1.3366,0.2513,0.9824,404.6,16.13,242.0,10.23,0.8818,0.803,0.0788,HIGH
477,79.11069,21.50744,0.4455,1.2771,1.3392,0.3599,0.6278,552.2,22.64,124.3,20.28,0.284,0.1509,0.1331,HIGH
478,79.83078,21.64373,0.4361,1.5264,1.413,0.4297,0.6861,396.6,23.54,6.3,14.43,0.4405,0.6113,0.1708,MEDIUM
479,80.45395,21.99818,0.671,1.9337,1.6277,0.3009,1.2287,333.1,26.21,90.5,3.11,0.9669,1.0,0.0331,HIGH
480,79.78465,21.97355,0.2934,1.1696,1.3776,0.4024,0.3195,288.2,10.27,111.4,33.07,0.1059,0.0588,0.0471,HIGH
481,79.9441,21.44888,0.2659,1.3478,1.2934,0.4408,0.5055,466.3,9.88,222.1,24.87,0.2083,0.1437,0.0647,HIGH
482,80.04362,21.94211,0.3164,1.1848,1.3155,0.4139,0.411,166.3,16.26,62.1,23.07,0.1095,0.2218,0.1123,HIGH
483,79.68181,21.66655,0.6805,1.8018,1.5032,0.237,1.3445,382.9,20.97,148.7,4.07,0.9628,0.9821,0.0193,HIGH
484,79.94134,21.68638,0.326,1.2795,1.3653,0.5557,0.4869,272.1,9.27,173.7,26.85,0.1422,0.1089,0.0332,HIGH
485,79.87647,21.40678,0.3612,1.3666,1.3518,0.5106,0.5057,412.4,13.57,165.3,21.54,0.1313,0.0385,0.0928,HIGH
486,80.35174,21.36448,0.2513,1.0645,1.1845,0.5358,0.2826,302.1,6.42,350.6,55.23,0.0618,0.0075,0.0543,HIGH
487,79.06817,21.88235,0.3601,0.9603,1.0642,0.4948,0.344,53.9,5.69,16.4,56.77,0.0574,0.0042,0.0532,HIGH
488,79.42144,21.69717,0.419,1.3063,1.413,0.3738,0.4605,298.6,11.1,342.3,27.23,0.2216,0.1543,0.0673,HIGH
489,80.42562,21.64948,0.431,1.0183,1.1797,0.6091,0.4398,352.1,8.71,209.5,30.96,0.1104,0.0678,0.0426,HIGH
490,80.3354,21.88361,0.4531,1.4435,1.3872,0.4332,0.7146,46.2,15.08,286.5,12.61,0.24,0.3382,0.0982,HIGH
491,79.68349,21.91241,0.3735,1.3874,1.3495,0.4089,0.4882,109.4,10.15,154.9,23.65,0.2006,0.1097,0.0908,HIGH
492,79.9302,21.42713,0.2762,1.3005,1.2176,0.5282,0.3798,389.8,10.45,163.4,24.71,0.1717,0.1293,0.0425,HIGH
493,79.41607,21.78818,0.4004,1.4309,1.1656,0.4848,0.6155,56.3,13.43,316.6,29.49,0.0607,0.0759,0.0153,HIGH
494,79.28218,21.40828,0.5941,1.918,1.4773,0.214,1.094,380.7,29.51,322.5,1.86,0.9231,0.981,0.0578,HIGH
495,79.69555,21.9011,0.377,1.2411,1.3867,0.4945,0.4453,122.6,12.57,85.9,22.55,0.1313,0.2183,0.087,HIGH
496,79.53003,21.82556,0.3257,1.3349,1.3015,0.3891,0.3839,30.7,13.63,71.7,20.6,0.1173,0.0866,0.0307,HIGH
497,79.87548,22.06529,0.2488,1.1455,1.4656,0.5005,0.244,495.5,6.39,178.6,46.07,0.0862,0.1436,0.0575,HIGH
498,79.1166,21.35517,0.3641,1.219,1.2937,0.4384,0.3794,322.8,12.22,324.1,17.65,0.1632,0.0302,0.133,HIGH
499,80.46159,21.34564,0.2309,1.0261,1.1389,0.5012,0.1919,280.7,6.69,116.0,61.33,0.0665,0.0025,0.064,HIGH
500,80.47932,21.52575,0.2528,1.0969,1.1879,0.5804,0.3483,543.1,9.46,234.7,45.21,0.0751,0.0225,0.0526,HIGH
501,80.04724,21.50936,0.2809,1.0,1.2842,0.6542,0.2351,552.8,12.97,254.9,34.03,0.0578,0.0214,0.0364,HIGH
502,79.80414,21.49758,0.5573,1.5771,1.4576,0.283,0.8853,498.0,20.52,280.3,8.77,0.9166,0.8147,0.1019,HIGH
503,79.46429,22.025,0.2298,1.1374,1.2879,0.3895,0.2362,379.0,8.55,203.0,42.5,0.1052,0.0749,0.0303,HIGH
504,80.22069,21.49964,0.3056,1.0119,1.1712,0.3552,0.3682,519.1,7.48,144.9,38.5,0.1075,0.0008,0.1066,HIGH
505,80.0271,21.51756,0.3779,1.2596,1.164,0.4858,0.5416,570.8,14.05,348.1,31.7,0.0754,0.097,0.0216,HIGH
506,79.24393,21.90752,0.2438,1.2062,1.0778,0.4818,0.3373,191.6,7.67,220.1,52.28,0.0503,0.0271,0.0231,HIGH
507,80.36639,21.65979,0.3098,1.2928,1.1284,0.4922,0.4158,357.8,14.58,262.3,25.78,0.1343,0.2573,0.1231,HIGH
508,80.23381,21.92137,0.5111,1.5522,1.4614,0.3486,0.7817,79.6,19.99,124.2,8.35,0.8902,0.7793,0.1109,HIGH
509,80.4247,21.35229,0.322,1.1822,1.1904,0.4116,0.3211,262.9,10.95,241.2,59.03,0.0595,0.0008,0.0587,HIGH
510,80.08858,21.69006,0.371,1.3659,1.2732,0.3182,0.6039,271.1,19.46,92.8,23.26,0.2093,0.0728,0.1365,HIGH
511,79.92012,21.32689,0.2916,1.2519,1.3752,0.5207,0.3271,214.7,18.18,88.2,31.42,0.0677,0.1356,0.0679,HIGH
512,79.62736,21.35012,0.3719,1.1913,1.4068,0.4848,0.4762,246.4,12.41,257.3,25.43,0.1492,0.1853,0.036,HIGH
513,80.39909,22.02515,0.4748,1.6253,1.4842,0.2982,0.8247,390.7,20.31,187.7,7.9,0.9607,0.9446,0.0161,HIGH
514,80.2991,21.4114,0.3079,1.2619,1.083,0.3989,0.3608,379.4,7.29,246.0,48.92,0.1052,0.0649,0.0403,HIGH
515,79.06783,21.72594,0.3081,1.1072,1.1965,0.5584,0.393,154.1,17.66,97.0,41.32,0.0462,0.0008,0.0454,HIGH
516,79.03955,21.62888,0.29,1.4083,1.2136,0.6087,0.4466,435.1,9.91,215.5,34.88,0.085,0.0654,0.0196,HIGH
517,79.5647,21.57787,0.3638,1.3244,1.3205,0.4511,0.5683,478.7,12.47,159.8,17.66,0.1228,0.0401,0.0827,HIGH
518,80.21583,22.01987,0.3468,1.3542,1.301,0.3724,0.4462,387.0,13.54,214.9,19.3,0.1704,0.0385,0.1319,HIGH
519,80.48091,21.31746,0.2858,1.0488,1.1578,0.5465,0.2354,149.3,5.94,104.7,65.07,0.0586,0.0008,0.0578,HIGH
520,79.22563,21.83103,0.3384,1.1702,1.199,0.4198,0.3707,103.1,8.99,257.6,46.88,0.0638,0.0008,0.063,HIGH
521,79.8912,22.07072,0.2484,0.9796,1.1828,0.6111,0.2538,455.4,9.64,290.1,44.93,0.0751,0.0075,0.0676,HIGH
522,79.57134,21.74813,0.4937,1.4379,1.462,0.3848,0.7128,130.1,16.46,93.6,11.86,0.2846,0.3986,0.1141,HIGH
523,80.45487,22.04946,0.4121,1.4646,1.5249,0.2013,0.5839,447.6,17.14,108.2,8.72,0.8012,0.4673,0.334,LOW
524,80.26318,21.34181,0.2362,1.141,1.1443,0.5139,0.1741,230.9,17.18,238.0,56.15,0.0469,0.015,0.0319,HIGH
525,80.25749,21.63503,0.3569,1.3923,1.4222,0.5027,0.5205,406.1,15.76,250.4,23.69,0.1565,0.0574,0.0991,HIGH
526,79.70304,21.50813,0.5135,1.714,1.4649,0.283,0.9788,565.5,26.04,253.5,6.26,0.9166,0.8317,0.0849,HIGH
527,79.62223,21.88466,0.33,1.0883,1.2115,0.4293,0.3824,110.1,12.47,245.8,21.08,0.0927,0.0008,0.0919,HIGH
528,79.41011,22.08504,0.2372,1.3408,1.2533,0.436,0.3485,525.5,11.64,141.4,51.36,0.092,0.1974,0.1055,HIGH
529,79.08456,21.50522,0.3799,1.3345,1.2627,0.5057,0.5356,542.2,12.78,142.1,22.67,0.1874,0.1,0.0875,HIGH
530,80.29708,21.82334,0.5177,1.515,1.5336,0.2826,0.8042,47.0,18.21,91.7,8.07,0.7524,0.7584,0.0059,HIGH
531,80.21935,21.45848,0.172,1.1759,1.0453,0.3511,0.2488,574.8,7.04,56.5,43.07,0.1109,0.015,0.0959,HIGH
532,80.49958,21.75226,0.2439,1.2954,1.4225,0.4425,0.3358,157.6,11.14,249.3,25.05,0.1167,0.197,0.0803,HIGH
533,80.49496,21.67115,0.2789,1.1386,1.3196,0.5824,0.3019,286.9,8.22,33.5,33.77,0.0747,0.028,0.0467,HIGH
534,79.83315,22.0776,0.3016,1.1709,1.1119,0.4967,0.3134,493.2,31.71,337.6,45.81,0.0704,0.0008,0.0696,HIGH
535,80.15348,21.78682,0.3507,1.4625,1.3462,0.5039,0.5005,67.3,15.78,297.6,10.6,0.324,0.0979,0.2261,MEDIUM
536,80.41715,21.57961,0.2759,1.15,1.3903,0.5447,0.333,502.7,9.59,308.7,36.3,0.0896,0.0668,0.0228,HIGH
537,80.27447,21.39128,0.245,1.0693,1.1647,0.5605,0.2462,333.3,8.35,326.4,50.78,0.085,0.0075,0.0775,HIGH
538,79.37102,21.421,0.5415,1.3515,1.38,0.367,0.7476,425.0,16.3,147.1,11.76,0.4379,0.3332,0.1047,HIGH
539,79.67582,21.48025,0.4691,1.5383,1.2835,0.3592,0.7435,584.9,18.98,304.8,10.58,0.8758,0.6998,0.176,MEDIUM
540,79.19374,21.50077,0.4778,1.5294,1.4037,0.3667,0.7724,562.8,14.92,56.9,12.8,0.4601,0.6805,0.2203,MEDIUM
541,80.43108,21.98049,0.658,1.8643,1.6273,0.214,1.2909,198.7,28.95,7.8,1.92,0.9517,1.0,0.0483,HIGH
542,79.90926,21.74898,0.2299,1.3357,1.3533,0.5252,0.311,171.7,10.46,282.6,27.47,0.118,0.1838,0.0658,HIGH
543,79.34296,21.71871,0.3425,1.2287,1.1482,0.433,0.3555,231.4,10.99,26.9,35.26,0.072,0.0118,0.0602,HIGH
544,80.00755,21.39182,0.3189,1.15,1.1429,0.4187,0.3495,360.7,12.61,355.9,34.08,0.0791,0.0008,0.0782,HIGH
545,79.92719,21.98811,0.3244,1.2711,1.2905,0.422,0.4146,313.9,15.97,242.9,36.92,0.0797,0.2967,0.217,MEDIUM
546,79.53724,21.87825,0.5499,1.1484,1.3957,0.6331,0.5398,48.2,16.83,271.2,24.45,0.119,0.2579,0.1389,HIGH
547,79.17034,21.35413,0.3609,1.3923,1.3133,0.4251,0.5719,264.2,18.31,88.5,12.29,0.2154,0.029,0.1863,MEDIUM
548,80.00736,21.86627,0.4389,1.1861,1.4006,0.4945,0.5277,107.8,11.53,242.6,24.6,0.1146,0.1606,0.046,HIGH
549,79.78046,21.73483,0.4392,1.5699,1.4292,0.3071,0.7086,155.2,16.85,15.6,13.21,0.6684,0.7053,0.0369,HIGH
550,80.15848,21.36538,0.2862,1.2331,1.3116,0.5829,0.4212,250.3,11.83,301.6,50.36,0.0517,0.2454,0.1937,MEDIUM
551,79.78025,21.66664,0.4522,1.5122,1.4215,0.3817,0.6523,323.9,22.49,61.1,13.14,0.5431,0.4442,0.0988,HIGH
552,80.27827,21.68776,0.3772,1.471,1.1631,0.4517,0.5836,270.8,12.03,251.0,18.47,0.1718,0.1566,0.0151,HIGH
553,79.82786,21.43262,0.395,1.3204,1.3806,0.337,0.516,496.6,14.65,80.8,15.87,0.2844,0.1436,0.1408,HIGH
554,79.84141,22.05656,0.2984,1.1915,1.3202,0.538,0.3463,452.5,12.4,24.6,44.07,0.0699,0.0247,0.0452,HIGH
555,80.31498,21.97998,0.3619,1.4213,1.3371,0.37,0.4758,259.5,15.61,173.3,14.55,0.1361,0.0337,0.1024,HIGH
556,79.60522,21.83522,0.4547,1.4819,1.3547,0.3587,0.7571,81.4,14.04,60.9,16.49,0.2225,0.3941,0.1716,MEDIUM
557,79.20102,21.66984,0.305,1.2232,1.2701,0.5498,0.3543,321.5,10.49,262.6,29.65,0.0674,0.0221,0.0453,HIGH
558,79.04317,21.62941,0.2497,1.1614,1.0305,0.3833,0.325,392.0,11.19,85.5,34.63,0.094,0.025,0.069,HIGH
559,80.13271,21.82078,0.4604,1.5682,1.5925,0.414,0.6283,86.9,49.53,123.3,10.96,0.9451,0.8688,0.0763,HIGH
560,79.93046,21.73635,0.3893,1.3236,1.2129,0.5453,0.5743,166.0,11.12,204.3,29.5,0.0605,0.0656,0.0051,HIGH
561,80.05612,21.34982,0.2613,1.1009,1.2828,0.45,0.3403,267.7,7.63,102.6,41.11,0.0665,0.0824,0.0159,HIGH
562,79.31945,21.71,0.3271,1.1992,1.2589,0.4383,0.3972,224.3,8.34,136.1,33.77,0.0839,0.046,0.0379,HIGH
563,79.20456,21.94512,0.2272,1.0186,1.3159,0.5215,0.2201,156.8,5.78,293.6,58.07,0.0523,0.0624,0.0101,HIGH
564,79.02182,21.66739,0.3304,0.9257,1.2797,0.5395,0.3258,308.1,10.16,64.5,39.3,0.0923,0.0211,0.0712,HIGH
565,79.52588,21.34157,0.359,1.2529,1.2643,0.4796,0.5643,247.3,11.47,29.6,29.89,0.0526,0.1035,0.0508,HIGH
566,79.88488,21.92902,0.3971,1.258,1.1892,0.5422,0.4113,148.6,8.35,118.2,35.11,0.0808,0.2705,0.1896,MEDIUM
567,79.58837,21.46109,0.3792,1.3714,1.4171,0.5838,0.5591,546.2,15.88,152.8,19.69,0.2258,0.1566,0.0692,HIGH
568,79.65621,21.5069,0.5207,1.3268,1.3137,0.3249,0.6452,554.4,20.95,195.4,10.66,0.6423,0.202,0.4403,LOW
569,80.35624,21.43177,0.2798,1.1092,1.2794,0.3934,0.3094,484.7,7.31,134.1,48.17,0.1075,0.0244,0.0831,HIGH
570,79.52238,21.56417,0.4349,1.0916,1.2455,0.5227,0.4623,526.2,12.02,284.4,22.0,0.1609,0.0779,0.083,HIGH
571,79.77098,21.9054,0.3109,1.4092,1.4078,0.6093,0.4168,142.6,27.92,14.2,25.57,0.1661,0.2696,0.1035,HIGH
572,80.17548,21.71551,0.4629,1.3037,1.4081,0.4448,0.603,218.0,14.68,155.4,15.66,0.2164,0.2534,0.037,HIGH
573,79.59481,21.46391,0.3848,1.4825,1.4121,0.3506,0.5137,512.2,17.15,137.6,18.91,0.3084,0.2402,0.0682,HIGH
574,79.93313,22.00226,0.2955,1.2811,1.2606,0.5022,0.43,327.3,9.57,233.1,37.03,0.0804,0.2011,0.1207,HIGH
575,80.29355,22.00367,0.414,1.2934,1.237,0.3365,0.4458,302.6,18.39,347.9,17.28,0.1742,0.103,0.0712,HIGH
576,80.42428,21.99646,0.6237,1.6286,1.5323,0.3206,1.0427,328.5,26.91,183.7,3.67,0.9631,0.9967,0.0335,HIGH
577,79.22061,21.49104,0.4876,1.5678,1.5243,0.2526,0.7482,538.4,20.23,355.3,10.23,0.9596,0.9284,0.0312,HIGH
578,80.38988,21.66099,0.348,1.1707,1.3103,0.4581,0.3488,324.8,16.6,108.8,27.31,0.1381,0.0181,0.12,HIGH
579,79.73817,22.08799,0.3613,1.1679,1.3305,0.4444,0.4321,539.2,17.64,11.1,43.79,0.0836,0.1084,0.0248,HIGH
580,79.38737,21.91761,0.3417,1.1272,1.2794,0.5271,0.3074,94.8,10.36,59.6,39.3,0.057,0.0211,0.0359,HIGH
581,79.6887,21.32173,0.389,1.0917,1.2288,0.4464,0.4266,187.5,10.33,142.2,25.81,0.1812,0.132,0.0491,HIGH
582,80.47005,21.35216,0.2387,0.8974,1.1491,0.5552,0.1431,304.2,7.54,113.9,61.08,0.0691,0.0025,0.0666,HIGH
583,79.73893,21.67115,0.4735,1.599,1.5059,0.3434,0.7801,324.1,22.59,34.9,8.63,0.9642,0.9252,0.0389,HIGH
584,79.49313,22.02738,0.3358,1.1115,1.0572,0.4415,0.327,387.2,10.9,155.8,41.13,0.0813,0.0008,0.0804,HIGH
585,79.9501,21.73096,0.3651,1.1714,1.4131,0.5447,0.4051,179.1,8.95,121.7,30.68,0.0661,0.1089,0.0428,HIGH
586,79.36022,21.69825,0.3834,1.2758,1.3018,0.4996,0.5039,252.6,7.87,44.1,33.61,0.097,0.1265,0.0294,HIGH
587,79.11379,21.38438,0.3809,1.5038,1.4772,0.3456,0.5342,308.0,16.76,106.6,17.1,0.3576,0.5853,0.2276,MEDIUM
588,79.19332,21.82542,0.2657,1.121,1.1037,0.7081,0.295,40.5,7.36,319.1,46.74,0.0523,0.0175,0.0348,HIGH
589,79.19207,21.95768,0.1803,1.0878,1.3132,0.5786,0.1205,266.4,8.32,108.7,59.95,0.0691,0.0691,0.0001,HIGH
590,79.22785,21.60434,0.3511,1.3646,1.5126,0.4439,0.5106,446.3,15.86,257.0,21.91,0.3244,0.2967,0.0278,HIGH
591,79.20824,21.92049,0.315,0.9912,1.1112,0.6514,0.4005,128.1,8.98,220.3,56.47,0.0507,0.0305,0.0202,HIGH
592,79.96131,22.07158,0.2706,1.2004,1.3105,0.6632,0.4644,463.8,7.3,153.8,38.75,0.0825,0.1052,0.0226,HIGH
593,79.27282,21.46301,0.5983,1.7174,1.5515,0.2924,1.032,508.0,19.88,86.0,5.87,0.9607,1.0,0.0393,HIGH
594,79.5185,21.71866,0.4067,1.4636,1.2612,0.4485,0.6347,181.3,13.38,132.8,16.58,0.1348,0.1953,0.0606,HIGH
595,80.34518,21.52971,0.3136,0.9906,1.2921,0.4341,0.2216,563.4,8.3,213.2,37.48,0.0935,0.0181,0.0755,HIGH
596,79.71094,21.93428,0.2844,1.1871,1.3687,0.4668,0.4128,171.3,12.41,126.3,26.47,0.0979,0.2763,0.1784,MEDIUM
597,80.00134,21.76207,0.3439,1.1716,1.2516,0.4643,0.4418,135.2,11.79,77.4,26.85,0.0765,0.0781,0.0017,HIGH
598,79.25848,21.80767,0.1323,1.1666,1.3287,0.54,0.1302,27.1,7.32,41.9,44.08,0.0634,0.0782,0.0148,HIGH
599,79.28843,21.93833,0.2635,1.1887,1.092,0.5589,0.3751,163.8,6.3,316.7,49.63,0.0523,0.0321,0.0202,HIGH
600,79.0613,21.61678,0.2335,1.3652,1.1526,0.5442,0.306,434.8,8.64,158.5,32.22,0.0851,0.107,0.0219,HIGH
601,79.2534,22.03207,0.3234,1.0738,1.2255,0.5588,0.3244,413.1,22.22,225.1,58.85,0.0739,0.0058,0.0681,HIGH
602,79.41789,21.72642,0.3737,1.2011,1.2963,0.3871,0.4727,157.6,11.3,176.5,27.77,0.1278,0.1067,0.0211,HIGH
603,79.26552,21.42636,0.6784,1.9352,1.5928,0.1598,1.2597,475.8,31.08,314.1,1.75,0.9626,1.0,0.0374,HIGH
604,79.13305,21.85672,0.3463,1.1656,1.2872,0.4906,0.4547,92.0,13.45,196.9,51.66,0.0355,0.0505,0.015,HIGH
605,79.18095,21.93461,0.2156,1.25,1.257,0.5173,0.2167,136.4,8.45,173.1,58.92,0.0503,0.1952,0.1449,HIGH
606,79.69117,21.55341,0.655,1.6936,1.6216,0.387,1.0569,521.4,24.02,332.9,5.8,0.9626,1.0,0.0374,HIGH
607,79.3095,21.98574,0.3179,1.0222,1.2138,0.4404,0.2795,270.5,6.8,259.1,50.77,0.0773,0.0008,0.0764,HIGH
608,79.5464,22.02491,0.2828,1.0461,1.2978,0.4867,0.3339,461.8,11.65,40.2,38.46,0.0672,0.0214,0.0459,HIGH
609,79.75513,21.52152,0.6779,1.6047,1.5767,0.3376,1.057,537.1,22.77,64.0,3.21,0.9637,0.9963,0.0326,HIGH
610,80.03559,22.08682,0.2524,1.2689,1.4285,0.4811,0.2529,554.7,14.7,283.4,34.19,0.0665,0.196,0.1295,HIGH
611,79.05897,21.41257,0.3223,1.4206,1.2611,0.4986,0.4275,381.3,10.39,300.9,22.94,0.1716,0.1466,0.025,HIGH
612,80.19912,21.46161,0.2539,1.346,1.4066,0.5121,0.3402,479.0,12.46,196.3,42.83,0.0735,0.1972,0.1237,HIGH
613,79.94185,21.44738,0.3255,1.3656,1.3161,0.4912,0.3855,466.5,9.95,199.6,24.72,0.1547,0.0866,0.068,HIGH
614,79.12264,22.01519,0.2043,1.229,1.0979,0.5262,0.1935,334.2,13.84,227.5,68.96,0.0655,0.0398,0.0258,HIGH
615,80.31037,21.82343,0.5658,1.4947,1.5924,0.4053,0.9512,43.4,17.77,158.1,9.48,0.751,0.7002,0.0508,HIGH
616,80.38131,21.42168,0.2592,1.0238,1.2347,0.4091,0.2224,417.5,10.24,244.9,50.12,0.1,0.0268,0.0732,HIGH
617,79.09162,21.65226,0.3294,1.2949,1.3368,0.4729,0.4104,336.6,10.42,39.1,33.05,0.0929,0.301,0.2082,MEDIUM
618,79.41532,21.79224,0.297,1.276,1.3818,0.515,0.3606,106.3,10.18,346.1,29.72,0.0603,0.1235,0.0632,HIGH
619,80.2093,21.36677,0.1773,1.1434,1.2474,0.5784,0.1817,346.6,9.96,270.1,53.28,0.085,0.071,0.014,HIGH
620,80.12239,22.00593,0.3891,1.3621,1.2922,0.5717,0.5611,365.3,22.37,227.2,21.24,0.2469,0.0764,0.1705,MEDIUM
621,79.27678,21.94288,0.1754,1.1697,1.3014,0.5023,0.2526,199.7,6.1,113.9,50.99,0.0563,0.0749,0.0186,HIGH
622,79.31402,21.70417,0.3085,1.3384,1.2689,0.6202,0.3976,235.7,17.8,57.9,33.03,0.0625,0.1009,0.0384,HIGH
623,79.55571,22.0737,0.215,1.289,1.292,0.4713,0.2154,468.8,10.24,147.4,43.27,0.0806,0.179,0.0983,HIGH
624,79.72678,21.63421,0.5998,1.5996,1.3059,0.4615,1.0231,375.1,22.72,238.2,9.76,0.8942,0.806,0.0882,HIGH
625,79.92738,22.08729,0.3301,1.2459,1.2741,0.5886,0.4064,515.9,8.47,228.1,42.77,0.0707,0.147,0.0763,HIGH
626,79.55337,21.83434,0.3947,1.3993,1.3038,0.3685,0.6388,14.8,13.75,137.8,19.51,0.1584,0.1034,0.055,HIGH
627,79.6938,21.80774,0.5278,1.4353,1.5707,0.4077,0.6452,28.8,22.66,220.8,12.33,0.5172,0.5289,0.0116,HIGH
628,80.12121,21.43276,0.24,1.233,1.2857,0.5208,0.3057,495.5,8.58,292.9,43.87,0.0751,0.1064,0.0313,HIGH
629,79.05502,22.00554,0.2839,0.9725,1.2266,0.5948,0.372,392.9,8.36,9.5,70.05,0.0988,0.0058,0.0929,HIGH
630,79.37866,21.64199,0.3408,1.3491,1.3287,0.4693,0.4421,397.5,8.67,162.2,28.59,0.0831,0.0352,0.0479,HIGH
631,80.07002,21.42979,0.3076,1.0594,1.1694,0.4909,0.3145,488.4,7.66,273.1,38.58,0.0722,0.0008,0.0714,HIGH
632,80.34281,21.31009,0.3252,1.1492,1.3428,0.6505,0.3886,166.8,9.62,196.6,60.88,0.0493,0.0335,0.0158,HIGH
633,79.76752,21.7478,0.5005,1.3957,1.597,0.3758,0.6706,97.3,19.55,234.5,12.38,0.4289,0.4996,0.0707,HIGH
634,79.79817,21.72192,0.4495,1.4843,1.4371,0.4722,0.6516,209.8,16.72,186.0,14.79,0.1656,0.3188,0.1531,MEDIUM
635,79.16076,21.87548,0.186,1.13,1.3481,0.5174,0.1933,88.2,6.45,357.1,52.9,0.0521,0.0832,0.0311,HIGH
636,79.67112,22.01221,0.2581,1.0403,1.2168,0.6397,0.2372,354.4,9.85,19.7,34.66,0.0988,0.0185,0.0803,HIGH
637,79.79893,21.36353,0.3685,1.3637,1.2747,0.3988,0.564,294.5,12.3,176.8,21.37,0.139,0.0347,0.1043,HIGH
638,79.36371,21.8852,0.2968,1.1172,1.2501,0.4681,0.3547,110.8,9.61,32.9,39.42,0.061,0.0365,0.0245,HIGH
639,79.40386,21.44993,0.3661,1.4949,1.4266,0.5377,0.5598,461.7,20.84,57.5,15.96,0.2453,0.173,0.0723,HIGH
640,79.56593,21.98654,0.43,1.2057,1.2345,0.4682,0.5589,265.3,13.62,137.9,33.72,0.0714,0.0646,0.0068,HIGH
641,79.03011,21.95525,0.3344,1.1549,1.2526,0.6714,0.373,181.9,5.73,56.0,65.87,0.057,0.0306,0.0264,HIGH
642,79.48312,21.73264,0.4099,1.235,1.3688,0.5204,0.4676,170.5,19.61,346.9,20.7,0.119,0.1863,0.0674,HIGH
643,79.31717,21.86819,0.2875,1.1013,1.1578,0.5113,0.2865,31.8,9.06,340.8,43.06,0.0503,0.0008,0.0495,HIGH
644,79.49125,21.55148,0.3366,1.2269,1.3495,0.3293,0.4131,517.1,14.77,121.0,25.52,0.1663,0.2276,0.0613,HIGH
645,79.17964,21.67693,0.2721,1.3095,1.3465,0.4943,0.3033,279.0,8.7,230.3,31.06,0.068,0.1602,0.0922,HIGH
646,80.33579,21.95731,0.4687,1.6497,1.4524,0.391,0.7482,209.2,18.99,192.2,12.31,0.6905,0.7827,0.0923,HIGH
647,79.89039,21.66741,0.3899,1.2453,1.4333,0.5446,0.4597,279.3,11.72,293.6,21.06,0.1627,0.1993,0.0366,HIGH
648,80.01865,21.58624,0.2583,1.3329,1.1808,0.6223,0.4505,499.6,10.44,225.9,30.88,0.0816,0.1147,0.0332,HIGH
649,80.18376,21.69537,0.4243,1.1632,1.4125,0.3726,0.3548,291.7,12.07,0.1,17.47,0.2418,0.1219,0.1199,HIGH
650,79.74766,21.9626,0.3143,1.1087,1.1864,0.5581,0.3394,233.7,8.86,274.7,30.5,0.0598,0.0008,0.059,HIGH
651,79.13038,21.56817,0.2673,1.2045,1.2361,0.5236,0.4083,567.7,10.4,268.9,23.05,0.1545,0.2282,0.0737,HIGH
652,79.80566,21.43901,0.4019,1.3113,1.3661,0.4843,0.5331,512.6,14.76,183.5,13.93,0.1987,0.1658,0.0329,HIGH
653,79.88026,21.86961,0.3024,1.0715,1.2058,0.5331,0.3617,89.0,8.67,325.1,30.27,0.0523,0.0008,0.0515,HIGH
654,80.11816,21.96078,0.5007,1.4191,1.3298,0.2731,0.7155,227.5,16.65,327.0,17.61,0.1879,0.2829,0.095,HIGH
655,79.64749,21.38051,0.4024,1.3,1.3213,0.4407,0.4897,344.6,10.65,188.6,21.39,0.2292,0.1267,0.1025,HIGH
656,79.19137,21.4919,0.3992,1.522,1.507,0.2895,0.4955,563.2,18.45,218.9,12.22,0.59,0.7487,0.1588,MEDIUM
657,79.42566,21.41358,0.4291,1.4442,1.3463,0.4134,0.6299,409.7,12.49,358.7,17.77,0.2409,0.1443,0.0966,HIGH
658,79.54462,21.57835,0.3153,1.3801,1.2316,0.5175,0.3963,452.0,22.95,107.6,19.13,0.183,0.0574,0.1256,HIGH
659,79.96888,21.66028,0.3879,1.3146,1.3842,0.5093,0.4699,356.3,19.54,116.9,28.0,0.2354,0.1629,0.0725,HIGH
660,79.85617,21.89906,0.2985,1.2211,1.2131,0.5858,0.3395,67.0,9.22,65.8,30.5,0.0606,0.0008,0.0598,HIGH
661,79.53415,21.82092,0.3814,1.2232,1.3465,0.4715,0.5537,23.3,14.86,322.5,19.92,0.0998,0.125,0.0252,HIGH
662,80.47977,21.79674,0.4537,1.4501,1.3884,0.3393,0.7782,67.2,11.22,268.0,19.75,0.1915,0.3694,0.1779,MEDIUM
663,79.90866,21.5819,0.3315,1.3003,1.378,0.2349,0.4419,500.6,22.22,38.0,18.76,0.2577,0.1239,0.1338,HIGH
664,79.35584,21.97316,0.2087,1.0571,1.3192,0.5397,0.1973,212.9,9.23,353.4,45.93,0.0618,0.0657,0.004,HIGH
665,79.15267,21.67703,0.2862,1.1984,1.311,0.482,0.2841,304.9,8.08,263.1,32.12,0.0594,0.0214,0.038,HIGH
666,79.22929,22.08328,0.3112,1.0253,1.1414,0.4646,0.3425,528.1,7.09,306.2,64.56,0.0722,0.0008,0.0714,HIGH
667,79.36894,21.80731,0.2286,1.1552,1.4349,0.3715,0.3532,25.0,7.74,17.3,35.13,0.0975,0.1111,0.0136,HIGH
668,79.24102,21.40101,0.4858,1.8054,1.6349,0.1977,0.8647,431.3,23.77,181.8,2.93,0.9626,0.9733,0.0107,HIGH
669,79.27985,21.84094,0.2564,1.1862,1.2203,0.5119,0.1852,3.8,10.72,251.5,45.7,0.0396,0.0381,0.0015,HIGH
670,79.42764,21.56008,0.3811,1.1942,1.3921,0.5228,0.4886,593.6,12.14,195.5,24.47,0.1885,0.169,0.0196,HIGH
671,79.26006,21.84906,0.3351,1.0958,1.2478,0.5456,0.4165,40.5,8.05,240.0,48.07,0.0507,0.2211,0.1704,MEDIUM
672,80.34515,21.35571,0.2424,1.2351,1.2493,0.6665,0.2201,286.6,6.2,294.4,55.99,0.0618,0.129,0.0673,HIGH
673,79.12035,21.43991,0.397,1.4475,1.5856,0.3368,0.5835,417.4,13.57,134.8,16.45,0.4949,0.4842,0.0108,HIGH
674,79.78677,21.98459,0.3651,1.4096,1.2418,0.5758,0.5372,281.8,7.97,305.5,34.29,0.066,0.0282,0.0378,HIGH
675,79.6156,21.48174,0.3293,1.5251,1.3665,0.4194,0.4985,538.9,19.27,58.6,15.94,0.2448,0.4812,0.2364,MEDIUM
676,80.47357,21.96963,0.6044,1.879,1.6247,0.3148,1.0961,244.0,22.2,97.5,3.09,0.9639,1.0,0.0361,HIGH
677,79.16806,21.52342,0.426,1.2572,1.4707,0.3856,0.5864,533.0,16.02,15.6,16.55,0.2791,0.2313,0.0477,HIGH
678,79.59678,21.81431,0.4566,1.5038,1.2841,0.4925,0.6666,26.5,14.86,131.2,14.87,0.1455,0.4223,0.2767,MEDIUM
679,80.45421,21.85532,0.4316,1.4629,1.2729,0.4125,0.5572,89.5,15.23,136.8,12.92,0.246,0.171,0.0749,HIGH
680,80.29826,21.71012,0.4137,1.3328,1.333,0.3697,0.4489,219.6,16.28,289.9,17.01,0.1811,0.0831,0.098,HIGH
681,80.22561,21.54425,0.1856,1.2235,1.136,0.5023,0.2901,588.9,10.11,235.1,33.54,0.0722,0.0288,0.0434,HIGH
682,79.38685,21.47012,0.4,1.5196,1.3692,0.3886,0.6386,503.8,15.17,157.2,14.99,0.31,0.5654,0.2554,MEDIUM
683,79.25633,21.32655,0.5288,1.6054,1.5247,0.39,0.8533,198.2,19.98,234.8,9.39,0.9464,0.9626,0.0162,HIGH
684,80.00296,21.54316,0.2804,1.1536,1.2171,0.3937,0.3015,567.7,11.24,19.0,28.85,0.09,0.0058,0.0842,HIGH
685,80.39406,21.82253,0.4103,1.454,1.2607,0.4253,0.5701,3.0,13.44,64.9,17.49,0.1662,0.1843,0.0181,HIGH
686,79.83514,22.05064,0.306,1.0961,1.2429,0.5555,0.2816,403.7,9.77,225.7,43.18,0.082,0.0058,0.0762,HIGH
687,79.85742,21.99696,0.2757,1.1977,1.3166,0.5194,0.3086,347.5,11.33,230.9,39.18,0.0608,0.0469,0.0139,HIGH
688,79.41997,21.91285,0.3098,1.1608,1.1214,0.6179,0.2536,88.5,7.39,278.7,36.17,0.0523,0.0008,0.0515,HIGH
689,80.15424,21.93076,0.415,1.457,1.5024,0.4462,0.5678,103.5,16.98,145.1,12.45,0.444,0.4743,0.0303,HIGH
690,79.28057,21.83199,0.2693,1.2293,1.2983,0.5264,0.3155,106.1,6.55,260.1,45.3,0.0523,0.0954,0.043,HIGH
691,79.48552,21.50823,0.371,1.1568,1.3769,0.497,0.4597,506.5,9.85,246.2,26.71,0.2277,0.1896,0.0381,HIGH
692,79.63815,22.02576,0.3087,1.385,1.354,0.5341,0.4256,390.3,10.55,346.8,36.3,0.084,0.1444,0.0604,HIGH
693,79.76142,21.83659,0.3693,1.182,1.5413,0.4667,0.4762,52.2,19.65,77.4,18.45,0.1863,0.3745,0.1881,MEDIUM
694,79.36361,21.74835,0.3194,1.1436,1.2361,0.3587,0.4327,52.0,16.16,198.6,34.07,0.0495,0.0771,0.0276,HIGH
695,79.17226,21.38879,0.5232,1.5593,1.4727,0.3412,0.8688,356.2,15.85,216.6,10.64,0.8959,0.8202,0.0757,HIGH
696,79.91593,21.65764,0.2624,1.3627,1.2943,0.3419,0.3811,361.5,12.28,359.5,22.73,0.1822,0.1939,0.0117,HIGH
697,79.43295,21.66829,0.4013,1.256,1.3039,0.5796,0.5046,332.4,12.65,72.4,26.18,0.2039,0.1191,0.0847,HIGH
698,79.87186,21.99165,0.275,1.1685,1.369,0.5126,0.2722,328.4,7.49,188.4,39.58,0.0974,0.0761,0.0213,HIGH
699,79.23154,21.73732,0.3216,1.2306,1.1484,0.4954,0.4328,146.5,13.04,124.6,36.46,0.0399,0.0806,0.0407,HIGH
700,79.72171,21.60432,0.6106,1.6116,1.4653,0.3878,1.0681,487.5,23.82,189.3,6.71,0.9166,0.8301,0.0865,HIGH
701,79.79888,22.08144,0.2119,1.2936,1.3441,0.5601,0.2912,475.6,15.7,83.6,44.81,0.0692,0.1823,0.1131,HIGH
702,79.07774,21.38858,0.342,1.4106,1.4233,0.3605,0.5784,321.3,10.7,17.1,21.0,0.2548,0.0637,0.1911,MEDIUM
703,79.50491,21.63804,0.3773,1.4393,1.3285,0.4341,0.4668,356.0,12.28,206.1,19.23,0.2445,0.1118,0.1327,HIGH
704,79.20162,21.33362,0.4417,1.4139,1.5249,0.3436,0.5668,184.1,22.28,120.9,11.11,0.7532,0.4005,0.3526,LOW
705,79.09506,21.89192,0.3517,1.1186,1.2439,0.3988,0.4362,121.0,10.11,65.5,56.68,0.0705,0.0514,0.019,HIGH
706,80.48494,22.03446,0.4815,1.5577,1.6249,0.2814,0.7633,359.5,26.19,116.6,8.24,0.9656,0.9314,0.0342,HIGH
707,79.48353,21.52403,0.3097,1.155,1.3032,0.4673,0.4234,558.0,9.12,17.7,27.27,0.1804,0.1585,0.0219,HIGH
708,80.21481,21.98667,0.4361,1.4487,1.4775,0.404,0.631,280.8,16.45,342.2,15.64,0.2352,0.4704,0.2352,MEDIUM
709,79.38196,21.53377,0.3353,1.3048,1.5729,0.3183,0.3941,544.5,14.83,209.2,18.81,0.3464,0.3599,0.0134,HIGH
710,80.02225,22.02862,0.3022,1.2935,1.3278,0.5861,0.3802,432.4,8.34,293.3,30.51,0.0751,0.1174,0.0423,HIGH
711,80.14034,21.90317,0.4901,1.3915,1.453,0.3675,0.6053,94.2,17.85,152.3,11.6,0.4881,0.2856,0.2025,MEDIUM
712,79.89346,21.94393,0.2822,1.3588,1.3121,0.515,0.327,204.6,10.93,325.2,36.97,0.0439,0.1048,0.0609,HIGH
713,79.70736,21.31441,0.3386,1.1761,1.2744,0.5095,0.4468,184.7,9.99,174.0,26.21,0.0835,0.0585,0.025,HIGH
714,79.61776,22.07025,0.2609,1.1883,1.4325,0.4579,0.3536,473.2,7.94,206.6,41.46,0.0862,0.1233,0.0371,HIGH
715,79.5233,21.88134,0.2706,1.3505,1.3215,0.5116,0.3836,146.4,13.37,177.0,25.66,0.0812,0.1737,0.0925,HIGH
716,80.39429,21.5438,0.3111,1.123,1.2282,0.4856,0.2633,499.7,9.53,264.0,38.32,0.0722,0.0058,0.0664,HIGH
717,80.24593,21.96352,0.542,1.5484,1.3601,0.3194,0.8214,270.5,21.89,204.0,13.15,0.7919,0.7694,0.0224,HIGH
718,80.44754,21.52522,0.2846,1.0369,1.3252,0.5697,0.2338,569.3,8.17,97.8,43.18,0.0838,0.028,0.0558,HIGH
719,79.18645,21.9982,0.2717,1.2637,1.2809,0.6613,0.4021,303.2,6.7,52.4,62.75,0.0747,0.1796,0.1048,HIGH
720,80.0963,21.39006,0.3188,1.1621,1.1981,0.5814,0.3413,416.1,23.28,218.2,42.94,0.076,0.0008,0.0752,HIGH
721,80.40751,21.86295,0.3956,1.412,1.4784,0.4613,0.5042,4.9,23.97,176.1,12.77,0.2489,0.3955,0.1465,HIGH
722,79.27185,21.73256,0.3877,1.1636,1.1377,0.4674,0.4526,152.5,7.45,34.6,35.74,0.0803,0.0828,0.0025,HIGH
723,79.09974,21.37723,0.4058,1.4399,1.3767,0.3089,0.5523,299.6,17.37,142.4,18.78,0.2514,0.1697,0.0817,HIGH
724,80.11168,21.49352,0.3694,1.1087,1.2782,0.6398,0.4837,553.7,7.15,185.3,41.25,0.0719,0.1012,0.0293,HIGH
725,79.86171,21.30992,0.2898,1.1611,1.4216,0.6549,0.2998,140.4,8.51,297.7,29.5,0.0628,0.0628,0.0,HIGH
726,80.26274,21.67501,0.4812,1.3272,1.2942,0.5643,0.5687,317.9,12.51,27.4,19.41,0.2304,0.1738,0.0566,HIGH
727,79.20966,21.54101,0.4635,1.2929,1.2919,0.3872,0.4916,538.9,14.02,125.5,15.75,0.2214,0.1952,0.0262,HIGH
728,80.1929,21.77869,0.5482,1.763,1.429,0.2472,0.965,73.0,23.87,296.2,8.47,0.8872,0.8207,0.0665,HIGH
729,79.30244,21.53779,0.4478,1.3743,1.2999,0.32,0.5873,557.7,18.23,233.4,14.7,0.2192,0.1013,0.1179,HIGH
730,79.24548,21.53994,0.4256,1.5175,1.5159,0.269,0.5744,536.9,29.34,104.4,14.53,0.587,0.7574,0.1704,MEDIUM
731,79.2464,21.89455,0.3306,1.1574,1.3467,0.5254,0.4421,61.7,10.88,304.3,51.41,0.0383,0.064,0.0256,HIGH
732,80.22186,21.33851,0.2722,1.0286,1.2425,0.6666,0.3134,323.8,7.84,177.6,56.38,0.085,0.0092,0.0758,HIGH
733,79.9978,22.02232,0.2168,1.2153,1.3701,0.488,0.2621,362.0,12.7,179.4,32.17,0.0728,0.1093,0.0365,HIGH
734,79.7846,21.98181,0.2529,1.2828,1.276,0.5285,0.3926,210.2,37.7,351.6,33.91,0.0525,0.201,0.1485,HIGH
735,79.53825,21.83424,0.3711,1.313,1.3373,0.5586,0.5204,24.7,15.75,341.0,20.62,0.1103,0.1077,0.0026,HIGH
736,80.3158,21.77458,0.4769,1.5951,1.4082,0.3533,0.7195,54.9,20.13,129.1,12.58,0.7474,0.7552,0.0078,HIGH
737,79.58867,22.01384,0.2993,1.2948,1.2331,0.6723,0.3355,381.0,18.46,50.6,35.9,0.0765,0.0699,0.0065,HIGH
738,80.2249,21.44826,0.3426,1.2482,1.1113,0.6847,0.4685,498.2,6.89,117.2,44.19,0.0778,0.0542,0.0236,HIGH
739,79.6587,21.36318,0.2687,1.2607,1.3503,0.4491,0.3586,312.8,15.05,11.0,22.53,0.1616,0.1753,0.0137,HIGH
740,79.56542,21.49161,0.3871,1.223,1.3411,0.4028,0.4819,529.0,18.38,7.5,20.69,0.2362,0.1138,0.1224,HIGH
741,79.69402,21.93566,0.2516,1.2032,1.3625,0.5338,0.2604,159.9,21.46,142.4,26.33,0.1324,0.1143,0.0181,HIGH
742,79.45207,21.32774,0.4034,1.3249,1.3358,0.4324,0.5649,202.9,11.08,338.8,22.65,0.1403,0.0843,0.056,HIGH
743,80.12141,21.76625,0.4301,1.4832,1.3924,0.3137,0.6002,102.9,16.02,313.7,14.81,0.1934,0.2414,0.048,HIGH
744,79.75408,22.09635,0.301,0.9363,1.1637,0.6291,0.2768,542.2,10.9,184.1,45.05,0.0594,0.0008,0.0586,HIGH
745,79.34832,21.98456,0.2329,1.1456,1.2348,0.627,0.3392,293.6,7.3,203.5,47.4,0.0618,0.0393,0.0225,HIGH
746,80.34936,21.71716,0.452,1.3613,1.4125,0.4551,0.5823,217.3,14.81,2.1,19.67,0.1932,0.1889,0.0043,HIGH
747,79.57584,21.35091,0.3825,1.2152,1.1979,0.3864,0.3861,285.3,9.76,77.6,28.68,0.125,0.0506,0.0745,HIGH
748,79.81533,21.9651,0.3385,1.3346,1.2729,0.4055,0.3991,262.1,9.26,8.9,33.74,0.0999,0.1061,0.0063,HIGH
749,80.35971,21.77918,0.4115,1.4409,1.4053,0.4279,0.6427,95.4,14.8,271.6,16.4,0.1715,0.1829,0.0115,HIGH
750,79.93636,21.39195,0.365,1.3839,1.2381,0.4431,0.5178,382.5,11.83,52.4,27.56,0.2048,0.0316,0.1732,MEDIUM
751,79.17535,21.37509,0.4504,1.4975,1.4149,0.3394,0.668,366.2,17.86,312.9,10.77,0.6659,0.3117,0.3542,LOW
752,80.40975,22.0277,0.5809,1.706,1.5386,0.4076,0.9657,369.4,20.53,231.6,7.42,0.9618,0.9972,0.0355,HIGH
753,79.94156,21.83536,0.399,1.3818,1.1832,0.5569,0.5756,24.3,9.38,82.6,31.83,0.0881,0.0649,0.0231,HIGH
754,79.50236,21.96343,0.3603,1.3321,1.2911,0.6161,0.4375,196.0,8.22,56.8,34.46,0.0603,0.0628,0.0026,HIGH
755,79.20891,22.00318,0.2251,1.0114,1.1412,0.4617,0.2429,335.5,5.71,225.9,60.95,0.0817,0.0025,0.0792,HIGH
756,80.19104,21.75742,0.5047,1.4954,1.548,0.3385,0.7182,64.3,16.39,324.3,10.7,0.7296,0.6633,0.0664,HIGH
757,79.93011,21.71396,0.2702,1.2164,1.4814,0.5447,0.2838,223.5,12.26,258.6,27.77,0.1165,0.3025,0.186,MEDIUM
758,79.80019,21.64434,0.4917,1.5277,1.3679,0.4201,0.7192,376.9,20.64,125.5,12.45,0.5584,0.6914,0.133,HIGH
759,80.34084,21.55356,0.3281,1.2674,1.3045,0.6294,0.397,570.0,8.21,211.5,34.83,0.0707,0.1197,0.049,HIGH
760,80.1829,21.64768,0.2722,1.2217,1.2704,0.4937,0.3301,352.1,10.6,111.9,22.62,0.1449,0.0509,0.0939,HIGH
761,79.22751,21.9191,0.209,1.1371,1.3022,0.6846,0.2494,129.0,11.29,359.7,54.48,0.0412,0.0749,0.0337,HIGH
762,79.46758,21.78154,0.3431,1.0886,1.2179,0.5098,0.189,117.4,11.22,269.6,23.88,0.0693,0.0058,0.0635,HIGH
763,79.37273,22.01402,0.2605,1.2897,1.2669,0.6151,0.2956,398.2,18.24,221.2,47.75,0.0633,0.2012,0.138,HIGH
764,80.11592,21.6547,0.2919,1.2307,1.2439,0.4445,0.3397,334.8,14.56,152.4,24.65,0.1899,0.022,0.1679,MEDIUM
765,79.0503,21.78567,0.2946,1.1504,1.2114,0.5316,0.4142,84.2,7.7,222.5,48.0,0.0523,0.1952,0.1429,HIGH
766,79.85483,21.80505,0.3696,1.2592,1.2364,0.5397,0.4114,69.3,11.12,123.0,23.92,0.0831,0.3176,0.2345,MEDIUM
767,80.14369,21.77336,0.4541,1.5947,1.5034,0.5127,0.7323,105.9,17.47,10.4,12.39,0.7996,0.9252,0.1257,HIGH
768,80.31515,21.86211,0.4617,1.2598,1.4103,0.4143,0.6565,51.9,16.42,142.2,9.82,0.4558,0.2647,0.1911,MEDIUM
769,79.51312,21.48995,0.395,1.263,1.347,0.4713,0.4333,577.3,9.62,335.0,26.32,0.2016,0.2193,0.0177,HIGH
770,80.23189,21.70989,0.5138,1.4113,1.3737,0.5194,0.7449,162.5,13.82,225.5,15.16,0.1472,0.3332,0.186,MEDIUM
771,79.16595,21.38338,0.4518,1.4564,1.442,0.1989,0.6179,338.4,21.01,30.2,11.47,0.7282,0.3038,0.4243,LOW
772,80.26968,21.60761,0.3088,1.4316,1.3112,0.3667,0.4169,473.3,11.86,318.6,26.9,0.1838,0.2534,0.0697,HIGH
773,79.19123,21.69013,0.34,1.1276,1.2117,0.5536,0.3432,281.0,7.95,96.8,32.11,0.0651,0.0008,0.0643,HIGH
774,79.59593,21.82178,0.4081,1.49,1.4123,0.4143,0.5714,92.5,17.3,87.8,15.63,0.2116,0.2492,0.0376,HIGH
775,80.19594,22.06042,0.3493,1.3246,1.4406,0.5158,0.5988,495.6,11.93,107.0,24.02,0.1566,0.0987,0.0579,HIGH
776,79.22488,21.78052,0.3246,1.2931,1.1796,0.5259,0.462,76.4,9.53,207.8,41.31,0.047,0.0542,0.0072,HIGH
777,79.34388,21.89488,0.191,1.098,1.3342,0.5673,0.2648,133.8,7.58,196.1,41.86,0.0523,0.0757,0.0234,HIGH
778,80.08338,21.70501,0.4327,1.2343,1.4496,0.394,0.5587,209.4,13.4,176.9,22.46,0.168,0.1916,0.0236,HIGH
779,80.08005,21.80728,0.4158,1.4978,1.3149,0.4695,0.5424,86.8,27.69,258.3,17.0,0.1674,0.1775,0.0102,HIGH
780,79.96172,21.35675,0.2944,1.258,1.1558,0.579,0.3901,339.1,8.19,114.0,32.23,0.0948,0.0649,0.0298,HIGH
781,80.04092,21.50351,0.306,1.053,1.2913,0.6006,0.3759,583.1,9.02,281.5,33.42,0.0751,0.0268,0.0482,HIGH
782,79.81409,21.58948,0.5081,1.5082,1.445,0.5089,0.7236,495.1,17.67,63.1,9.14,0.6336,0.568,0.0656,HIGH
783,79.3777,21.67799,0.2286,1.2545,1.4219,0.5188,0.3351,287.5,9.04,281.7,32.17,0.0711,0.2047,0.1336,HIGH
784,79.51854,21.33652,0.4024,1.3218,1.2891,0.5115,0.5671,189.1,10.35,239.0,29.26,0.0735,0.0757,0.0023,HIGH
785,79.2724,21.41202,0.6817,1.7959,1.6132,0.094,1.3169,427.4,30.91,246.0,0.77,0.9626,1.0,0.0374,HIGH
786,80.36268,21.52145,0.3153,0.8853,1.1562,0.4739,0.2582,516.5,16.68,173.4,39.04,0.0538,0.0008,0.0529,HIGH
787,79.87509,22.07723,0.3246,1.2004,1.3172,0.5135,0.3348,465.8,7.11,240.1,46.82,0.068,0.0214,0.0466,HIGH
788,79.60128,21.56508,0.3725,1.2866,1.3472,0.499,0.4612,489.2,15.85,28.7,15.86,0.1895,0.1603,0.0293,HIGH
789,79.69301,21.68563,0.6422,1.5534,1.6129,0.2145,1.0693,264.6,25.43,306.6,3.33,0.9638,0.9786,0.0148,HIGH
790,80.42093,21.45688,0.2614,0.8609,1.304,0.5944,0.1337,501.1,9.05,20.0,48.24,0.0905,0.0674,0.0231,HIGH
791,79.23003,21.78862,0.3281,1.245,1.201,0.522,0.3051,83.6,8.87,53.5,42.15,0.0597,0.0649,0.0052,HIGH
792,79.87934,21.52455,0.3227,1.4312,1.3953,0.3965,0.4663,531.7,13.81,207.6,15.34,0.1913,0.0507,0.1406,HIGH
793,79.75883,21.46559,0.5026,1.5353,1.4849,0.3696,0.7495,546.1,19.13,266.2,9.29,0.943,0.883,0.06,HIGH
794,79.91718,21.71326,0.3106,1.4002,1.3555,0.4481,0.4353,205.1,11.08,27.5,26.66,0.1066,0.1121,0.0055,HIGH
795,79.02717,21.3044,0.3506,1.3041,1.335,0.4543,0.5045,138.5,14.86,331.5,28.97,0.0394,0.0735,0.0341,HIGH
796,80.30819,21.30613,0.2853,1.2826,1.1955,0.4044,0.3383,172.5,11.29,350.5,60.63,0.0536,0.0649,0.0114,HIGH
797,80.39818,21.47526,0.2442,1.0133,1.238,0.5071,0.1538,584.4,6.89,218.1,45.32,0.0722,0.0218,0.0504,HIGH
798,79.8477,21.32938,0.3039,1.2557,1.2698,0.442,0.4839,228.0,9.35,173.2,26.88,0.153,0.1045,0.0485,HIGH
799,80.04498,21.38642,0.2904,1.02,1.1328,0.473,0.2463,347.5,16.59,266.9,38.0,0.0608,0.0008,0.06,HIGH
800,80.38375,21.57109,0.2598,1.1742,1.2813,0.5408,0.2521,472.1,10.5,118.2,35.11,0.0665,0.0799,0.0134,HIGH
801,80.06086,21.94207,0.4167,1.2966,1.4898,0.5058,0.5954,175.6,18.34,177.6,21.39,0.225,0.4132,0.1882,MEDIUM
802,79.22881,21.75764,0.2755,1.2408,1.1781,0.5344,0.3226,126.6,7.19,329.8,38.74,0.0523,0.0751,0.0227,HIGH
803,79.86443,21.71013,0.2249,1.3183,1.2717,0.5361,0.2933,207.0,13.33,344.0,21.98,0.0844,0.1904,0.106,HIGH
804,79.91007,21.53479,0.3786,1.4243,1.294,0.4814,0.5634,497.3,14.65,333.7,18.59,0.1763,0.0929,0.0834,HIGH
805,79.6362,22.0454,0.2427,1.2496,1.3075,0.4917,0.3574,403.6,14.87,94.5,38.49,0.068,0.1842,0.1162,HIGH
806,80.10467,21.61761,0.248,1.4569,1.3242,0.4511,0.3446,483.5,8.95,83.7,28.86,0.0957,0.2388,0.1431,HIGH
807,80.40155,21.36967,0.2034,1.0957,1.2043,0.5631,0.2989,360.1,6.78,107.2,56.31,0.0915,0.0152,0.0764,HIGH
808,80.38835,21.79365,0.4016,1.2657,1.2889,0.4822,0.4015,43.5,13.58,158.9,18.73,0.1036,0.1782,0.0747,HIGH
809,79.67626,21.39107,0.4609,1.3815,1.368,0.5494,0.6748,389.8,19.46,113.1,18.91,0.2431,0.2572,0.0141,HIGH
810,79.16986,21.57618,0.3914,1.2433,1.2145,0.5475,0.4446,476.1,21.77,134.7,21.23,0.2316,0.1138,0.1179,HIGH
811,80.47726,21.70593,0.2954,1.3828,1.2956,0.4478,0.4771,270.8,28.06,223.4,29.67,0.0662,0.0614,0.0048,HIGH
812,80.25835,21.99938,0.4319,1.3546,1.4465,0.4181,0.5922,327.9,24.87,274.5,17.31,0.352,0.1709,0.181,MEDIUM
813,79.18699,21.69484,0.29,1.1555,1.1699,0.5547,0.3015,284.1,7.82,264.8,32.73,0.0618,0.0008,0.061,HIGH
814,80.38126,21.86181,0.408,1.3955,1.2916,0.4855,0.6025,8.1,13.76,293.2,14.12,0.1084,0.0759,0.0325,HIGH
815,80.30484,22.09425,0.3217,1.4018,1.4701,0.5245,0.4956,534.8,11.39,11.6,20.75,0.1806,0.1237,0.0569,HIGH
816,79.77826,21.40519,0.3314,1.3847,1.3389,0.4134,0.491,402.5,14.23,17.2,16.3,0.2048,0.0191,0.1857,MEDIUM
817,79.88691,21.51979,0.3999,1.3371,1.4791,0.3179,0.4833,575.6,19.62,284.2,16.26,0.2601,0.3875,0.1274,HIGH
818,79.5985,21.61566,0.4763,1.6547,1.4303,0.3002,0.7639,471.3,23.63,191.9,12.04,0.8102,0.7589,0.0514,HIGH
819,79.08214,21.63746,0.3095,1.1288,1.2585,0.5218,0.3492,398.2,8.69,208.1,32.39,0.082,0.0306,0.0514,HIGH
820,79.5028,21.62882,0.3659,1.3466,1.387,0.471,0.4907,397.8,14.94,18.9,19.84,0.1819,0.0634,0.1185,HIGH
821,80.20428,22.02609,0.3371,1.4042,1.2786,0.3576,0.5109,409.0,20.95,91.9,20.12,0.242,0.0287,0.2134,MEDIUM
822,79.00695,21.87123,0.2937,0.9605,1.2254,0.5432,0.1814,65.3,8.08,229.8,58.64,0.0523,0.0058,0.0465,HIGH
823,79.50025,21.78632,0.3131,1.3772,1.3127,0.5002,0.4479,51.8,11.17,309.3,20.81,0.0752,0.0472,0.0281,HIGH
824,79.59725,21.5475,0.459,1.2971,1.2835,0.3255,0.5808,512.9,15.01,330.1,16.19,0.2014,0.1899,0.0116,HIGH
825,79.80609,21.95903,0.2632,1.2948,1.2974,0.5892,0.2989,176.8,9.7,180.2,32.65,0.0523,0.184,0.1316,HIGH
826,80.37978,22.06405,0.4232,1.3785,1.4131,0.3559,0.5462,451.2,17.82,196.4,12.63,0.3419,0.1273,0.2146,MEDIUM
827,79.51952,21.95696,0.2392,1.2804,1.2569,0.602,0.2955,249.3,10.09,299.9,32.87,0.0618,0.1952,0.1334,HIGH
828,79.52043,21.30125,0.2958,1.3365,1.1819,0.4522,0.2153,160.9,8.22,193.5,30.78,0.0557,0.0664,0.0107,HIGH
829,80.10625,21.80912,0.4912,1.5283,1.5411,0.3182,0.7156,41.8,34.02,186.1,14.14,0.4505,0.8905,0.44,LOW
830,79.67833,21.34091,0.3818,1.3137,1.388,0.4309,0.4578,269.8,12.85,325.8,24.06,0.2156,0.158,0.0576,HIGH
831,79.33691,21.50609,0.5022,1.4383,1.503,0.3843,0.749,522.6,16.6,284.4,13.23,0.5736,0.5664,0.0072,HIGH
832,79.67866,21.34762,0.3869,1.2392,1.2986,0.4328,0.4391,265.0,22.29,327.3,23.34,0.2213,0.1553,0.066,HIGH
833,79.21129,21.78304,0.2314,1.3122,1.1023,0.5043,0.2929,76.5,7.3,78.6,41.78,0.0644,0.118,0.0536,HIGH
834,79.26458,21.84927,0.2592,1.0759,1.3849,0.5567,0.356,76.3,6.99,188.8,47.61,0.0628,0.1055,0.0427,HIGH
835,79.74755,21.39159,0.3698,1.2785,1.3715,0.4128,0.5225,323.6,18.66,303.3,17.35,0.1939,0.1983,0.0044,HIGH
836,79.62839,21.60707,0.5468,1.5759,1.3959,0.3656,0.9067,435.4,16.44,40.0,11.16,0.8903,0.7918,0.0985,HIGH
837,80.37227,21.66499,0.2862,1.1911,1.34,0.3386,0.3159,280.8,15.69,286.1,25.72,0.1319,0.028,0.1039,HIGH
838,79.54359,21.59524,0.4479,1.2773,1.4636,0.4622,0.5992,474.6,13.08,65.9,17.94,0.2064,0.2521,0.0457,HIGH
839,79.87088,21.39682,0.415,1.1696,1.3319,0.4492,0.4737,419.7,10.48,290.9,21.96,0.1646,0.0853,0.0793,HIGH
840,79.9484,21.63516,0.4432,1.2325,1.4153,0.5997,0.5364,386.4,12.43,220.3,24.77,0.2038,0.1849,0.0189,HIGH
841,79.01964,21.90094,0.2411,1.1124,1.2995,0.4658,0.2887,88.5,6.39,69.6,60.89,0.0582,0.0724,0.0142,HIGH
842,79.99531,21.35681,0.3402,1.2214,1.1746,0.3629,0.3857,311.1,13.1,170.4,35.12,0.0819,0.0008,0.081,HIGH
843,79.26705,21.36414,0.6942,1.782,1.5129,0.3427,1.3117,335.3,23.77,245.5,5.16,0.9631,0.9821,0.019,HIGH
844,80.44161,21.58382,0.2663,1.2365,1.329,0.5411,0.3212,498.0,17.38,228.2,37.57,0.0578,0.1247,0.0669,HIGH
845,79.22299,22.05338,0.1835,1.0991,0.9944,0.4613,0.2326,466.3,11.57,153.8,62.96,0.0622,0.0125,0.0497,HIGH
846,79.62194,21.83486,0.3305,1.3904,1.3819,0.2919,0.5323,17.7,13.55,323.8,15.77,0.1184,0.048,0.0704,HIGH
847,79.12802,21.84294,0.3075,1.1899,1.1098,0.656,0.4175,92.3,12.41,186.9,50.36,0.0424,0.1952,0.1528,MEDIUM
848,80.49531,21.58954,0.1939,1.2949,1.2041,0.6336,0.1806,556.3,10.8,182.1,41.14,0.0594,0.0959,0.0365,HIGH
849,79.75329,21.77493,0.4411,1.4855,1.4091,0.1879,0.6775,108.1,18.74,22.4,12.71,0.3007,0.2884,0.0123,HIGH
850,79.89308,21.3081,0.3402,1.1746,1.2473,0.4602,0.4421,107.4,15.18,332.0,31.39,0.0355,0.0641,0.0286,HIGH
851,79.10061,21.80888,0.2847,1.0459,1.1841,0.6634,0.3423,41.1,9.54,63.8,47.85,0.0606,0.0008,0.0598,HIGH
852,80.12494,22.03063,0.3814,1.1513,1.2346,0.4263,0.3834,414.5,12.4,190.2,23.44,0.2108,0.0556,0.1552,MEDIUM
853,79.31486,21.79006,0.3011,1.2377,1.4278,0.4797,0.3398,61.2,10.83,289.3,40.31,0.0476,0.0955,0.0479,HIGH
854,80.34708,21.99896,0.5412,1.5618,1.6019,0.3506,0.8949,357.7,16.51,77.6,11.38,0.9527,0.9798,0.0271,HIGH
855,79.30771,21.87918,0.2334,1.2129,1.1415,0.4362,0.245,92.7,7.18,189.9,44.54,0.0678,0.0221,0.0456,HIGH
856,79.28603,21.39645,0.5974,1.765,1.7502,0.1171,1.0395,361.3,25.78,86.6,2.76,0.9656,1.0,0.0344,HIGH
857,79.05482,22.02196,0.2174,1.2514,1.1748,0.6295,0.3509,376.8,6.33,273.5,71.78,0.082,0.1009,0.0189,HIGH
858,79.7081,21.35316,0.4119,1.2656,1.3441,0.3089,0.5189,249.0,10.68,203.2,21.95,0.1709,0.1303,0.0406,HIGH
859,79.84726,21.72717,0.4282,1.4323,1.343,0.4662,0.577,174.3,10.92,308.2,20.27,0.1106,0.104,0.0066,HIGH
860,79.09856,21.41371,0.4203,1.3588,1.3114,0.506,0.5272,405.1,15.32,322.0,18.54,0.1839,0.0584,0.1255,HIGH
861,80.16329,21.30937,0.3271,1.0711,1.2987,0.4199,0.367,207.9,7.6,233.5,53.63,0.0638,0.0181,0.0457,HIGH
862,79.67993,21.63763,0.4853,1.6822,1.5369,0.2473,0.7497,459.4,23.66,261.1,7.08,0.9596,0.9528,0.0068,HIGH
863,79.78659,21.53603,0.6666,1.7334,1.5322,0.3879,1.1432,503.8,21.69,197.7,5.0,0.9596,0.9967,0.0371,HIGH
864,79.66114,21.6888,0.7402,1.8717,1.5556,0.2706,1.4021,212.8,26.06,138.4,1.39,0.9639,1.0,0.0361,HIGH
865,79.60114,21.76176,0.5336,1.547,1.4028,0.3086,0.8905,105.2,18.06,233.3,10.0,0.8494,0.7785,0.0709,HIGH
866,79.83946,21.33499,0.4339,1.2648,1.174,0.5724,0.5822,185.7,13.42,327.0,25.93,0.1002,0.0731,0.0271,HIGH
867,79.23286,21.3984,0.5237,1.9726,1.5971,0.3692,0.9973,388.5,22.61,150.0,3.88,0.9656,0.9972,0.0316,HIGH
868,79.27289,21.74691,0.2716,1.3034,1.1574,0.5344,0.4129,161.6,20.39,113.2,37.34,0.065,0.3094,0.2443,MEDIUM
869,80.29268,21.57453,0.2831,1.2965,1.2564,0.4237,0.352,558.4,19.11,139.8,31.02,0.0834,0.1402,0.0568,HIGH
870,80.41917,21.88334,0.5298,1.5444,1.5804,0.3274,0.7564,85.8,23.37,156.7,10.21,0.9517,0.9406,0.0111,HIGH
871,79.55996,21.82183,0.3503,1.4724,1.4658,0.454,0.5072,46.1,21.91,26.5,17.98,0.1598,0.1895,0.0297,HIGH
872,79.40612,21.97648,0.3236,1.2153,1.2371,0.5071,0.4652,204.1,8.97,179.4,42.17,0.0452,0.0367,0.0084,HIGH
873,79.966,21.85399,0.3969,1.2419,1.2801,0.5642,0.5011,55.7,11.56,178.0,29.11,0.0547,0.1236,0.069,HIGH
874,79.6131,21.64394,0.5531,1.5467,1.6485,0.2189,0.8561,383.3,22.35,211.8,8.61,0.9646,0.9611,0.0036,HIGH
875,79.03808,21.83837,0.282,1.1236,1.2614,0.4166,0.3987,69.4,10.56,130.6,53.78,0.06,0.0646,0.0046,HIGH
876,79.23423,21.5203,0.4109,1.1568,1.4074,0.4009,0.4038,528.7,23.2,220.7,12.67,0.3984,0.1843,0.214,MEDIUM
877,80.07396,21.54505,0.2572,1.2092,1.141,0.4721,0.2468,529.1,12.24,316.2,36.73,0.0555,0.0271,0.0284,HIGH
878,79.98839,21.93119,0.3951,1.198,1.3233,0.4356,0.3925,114.6,33.31,344.0,28.22,0.1768,0.0853,0.0914,HIGH
879,79.04064,21.65714,0.3376,1.3457,1.3204,0.3707,0.4729,280.6,8.88,210.1,37.05,0.0817,0.0304,0.0513,HIGH
880,79.33296,21.9387,0.2772,1.1538,1.1819,0.5289,0.3282,141.6,13.46,15.3,45.55,0.0501,0.0008,0.0493,HIGH
881,79.34661,21.95794,0.2581,1.0327,1.2556,0.5232,0.3437,171.4,11.08,348.9,45.63,0.0412,0.085,0.0437,HIGH
882,80.00784,21.98605,0.2278,1.2356,1.2588,0.5408,0.2936,297.4,13.22,254.1,28.95,0.0488,0.1239,0.0752,HIGH
883,79.02957,22.03331,0.2018,1.0048,1.1912,0.5514,0.1825,386.8,6.81,120.9,73.92,0.0915,0.0025,0.089,HIGH
884,79.15616,21.64479,0.4259,1.2901,1.0902,0.4769,0.5495,363.0,14.73,53.0,28.69,0.0993,0.077,0.0223,HIGH
885,80.19987,21.55509,0.2499,1.2428,1.2533,0.5944,0.3165,505.2,17.07,51.6,32.49,0.0699,0.2002,0.1303,HIGH
886,79.26782,21.76576,0.3016,1.2707,1.3244,0.4122,0.2997,9.1,7.86,60.4,39.42,0.0782,0.1077,0.0294,HIGH
887,79.97912,21.59694,0.3906,1.1813,1.2497,0.5228,0.5969,524.7,12.94,16.4,26.76,0.1903,0.1038,0.0866,HIGH
888,79.35727,21.78086,0.2406,1.1983,1.2635,0.3748,0.3143,54.6,9.36,324.8,35.5,0.0678,0.0946,0.0268,HIGH
889,79.14916,21.86447,0.279,0.9987,1.1615,0.4675,0.2892,49.1,24.12,194.7,52.01,0.0505,0.0008,0.0496,HIGH
890,79.36476,21.85072,0.3443,1.2545,1.2815,0.4161,0.4627,9.8,9.72,252.0,37.46,0.061,0.0795,0.0185,HIGH
891,80.0834,21.59964,0.3175,1.2707,1.2569,0.5606,0.4389,503.8,9.01,298.1,31.75,0.0716,0.121,0.0495,HIGH
892,80.28354,21.43349,0.4214,1.1993,1.156,0.523,0.4984,466.6,8.17,285.0,46.24,0.1012,0.0583,0.0429,HIGH
893,80.24533,21.64442,0.2831,1.3073,1.436,0.4583,0.3385,355.2,14.42,317.7,22.5,0.1644,0.1553,0.0092,HIGH
894,79.59578,21.41408,0.4224,1.3538,1.407,0.3686,0.6018,410.8,10.63,348.2,22.09,0.2674,0.1334,0.134,HIGH
895,80.00213,22.01208,0.3109,1.384,1.2288,0.472,0.4495,402.3,11.79,158.1,31.1,0.0695,0.0468,0.0227,HIGH
896,79.30748,21.5767,0.4322,1.3268,1.3994,0.3772,0.533,508.6,22.09,342.1,19.01,0.3219,0.1213,0.2006,MEDIUM
897,79.43972,21.42357,0.4126,1.3636,1.3991,0.4714,0.6335,437.2,18.84,260.4,19.38,0.1987,0.1511,0.0476,HIGH
898,80.3445,21.32036,0.2257,1.0134,1.2652,0.4611,0.2434,168.7,5.83,25.4,59.8,0.061,0.075,0.014,HIGH
899,79.0195,21.81666,0.2804,1.0469,1.0856,0.6416,0.3301,-3.1,25.92,245.4,52.7,0.0525,0.0008,0.0517,HIGH
900,79.12826,21.80952,0.1841,1.1578,1.3106,0.3949,0.2828,52.7,11.0,247.2,46.83,0.0536,0.0749,0.0214,HIGH
901,79.31183,21.57248,0.4266,1.4708,1.3172,0.3716,0.6286,526.0,12.22,326.1,18.69,0.2539,0.174,0.08,HIGH
902,79.0398,21.35737,0.3607,1.2447,1.2779,0.6096,0.4649,319.3,9.31,134.3,25.75,0.1785,0.0845,0.094,HIGH
903,79.27215,21.6277,0.3877,1.2644,1.5285,0.4329,0.5307,350.8,10.45,210.6,24.11,0.4687,0.4202,0.0486,HIGH
904,79.87456,21.54897,0.4902,1.3923,1.4323,0.2991,0.6463,505.8,20.61,4.4,14.59,0.3732,0.2611,0.1121,HIGH
905,79.63214,21.8417,0.4386,1.3491,1.3582,0.4352,0.5944,33.3,12.65,119.5,16.19,0.1824,0.1639,0.0184,HIGH
906,80.33901,21.78462,0.4504,1.4727,1.2381,0.3618,0.6696,79.8,14.64,22.4,14.09,0.1886,0.2417,0.053,HIGH
907,80.22617,21.59167,0.2883,1.0967,1.4027,0.4191,0.2684,484.0,14.32,187.9,28.28,0.1805,0.0578,0.1227,HIGH
908,79.51273,21.47431,0.3042,1.3877,1.1921,0.3925,0.5379,520.8,12.52,294.3,26.84,0.169,0.037,0.132,HIGH
909,79.38914,22.09043,0.3278,1.0663,1.1402,0.7571,0.2792,521.6,11.93,74.3,53.17,0.0629,0.0008,0.0621,HIGH
910,79.56954,21.6632,0.5469,1.5724,1.4236,0.3548,0.7951,307.3,20.49,189.9,11.53,0.9235,0.7744,0.1492,HIGH
911,79.88544,21.85062,0.3147,1.1092,1.3984,0.3364,0.4148,81.4,8.61,73.4,29.48,0.0904,0.262,0.1716,MEDIUM
912,79.4021,21.41244,0.4334,1.4889,1.4631,0.5286,0.681,432.0,21.97,43.4,15.15,0.3395,0.3737,0.0341,HIGH
913,79.93622,21.68847,0.2963,1.3299,1.289,0.5277,0.3427,261.8,10.1,184.0,26.52,0.1376,0.0919,0.0457,HIGH
914,79.61412,21.32203,0.3881,1.2798,1.313,0.4268,0.5271,248.8,11.76,28.5,28.86,0.103,0.1198,0.0168,HIGH
915,79.82807,21.70436,0.4367,1.2733,1.3224,0.356,0.6294,279.1,15.95,211.4,17.92,0.1742,0.1275,0.0466,HIGH
916,79.65419,22.07121,0.3849,1.1922,1.2532,0.5745,0.4574,507.4,7.42,11.3,41.23,0.1214,0.1114,0.01,HIGH
917,79.4417,21.60737,0.2949,1.1397,1.3046,0.4611,0.4661,369.8,23.91,38.4,27.01,0.1915,0.0547,0.1368,HIGH
918,80.42268,21.3312,0.2425,1.0951,1.2902,0.387,0.1794,269.6,8.19,198.0,61.13,0.0797,0.0691,0.0107,HIGH
919,80.14541,21.32476,0.2825,1.2402,1.3007,0.6767,0.3851,231.0,6.17,212.9,51.06,0.0618,0.1211,0.0593,HIGH
920,79.21017,21.61039,0.3953,1.3805,1.365,0.4274,0.604,514.7,21.1,10.4,23.01,0.3679,0.1606,0.2073,MEDIUM
921,80.3027,21.42802,0.2657,1.1486,1.2004,0.6491,0.3497,488.8,9.71,206.4,47.17,0.0751,0.025,0.0501,HIGH
922,79.73115,21.31868,0.3038,1.1758,1.3677,0.5765,0.347,240.5,14.14,301.9,25.47,0.1165,0.0588,0.0577,HIGH
923,80.34183,21.90497,0.4918,1.516,1.4123,0.3162,0.731,136.6,16.77,260.0,13.7,0.2308,0.7057,0.475,LOW
924,80.19978,21.66682,0.42,1.34,1.2622,0.5285,0.585,365.8,18.15,47.2,20.18,0.2237,0.0834,0.1403,HIGH
925,79.63782,21.5314,0.4254,1.2612,1.4135,0.3259,0.5772,608.2,14.96,213.3,11.83,0.3426,0.154,0.1886,MEDIUM
926,79.0337,22.02007,0.3236,1.1886,1.2132,0.3961,0.4148,377.8,6.51,242.0,72.38,0.0993,0.1857,0.0864,HIGH
927,79.40302,21.39291,0.4872,1.4152,1.4713,0.3771,0.7415,326.9,15.48,13.4,15.38,0.3712,0.3956,0.0244,HIGH
928,79.81245,22.06474,0.2895,1.2786,1.2218,0.5563,0.3192,458.6,6.78,307.9,43.6,0.0751,0.0699,0.0051,HIGH
929,79.95022,21.55117,0.3671,1.1915,1.2289,0.425,0.426,549.6,14.92,326.3,22.99,0.1486,0.1088,0.0398,HIGH
930,79.38683,22.01072,0.3054,0.8316,1.2353,0.5039,0.207,350.9,8.23,306.2,46.42,0.0789,0.0058,0.0731,HIGH
931,79.20903,21.78235,0.2436,1.1931,1.2498,0.613,0.2713,45.3,7.9,296.9,41.74,0.0523,0.1004,0.0481,HIGH
932,80.2524,21.96137,0.4571,1.4946,1.4433,0.3986,0.734,177.7,14.15,268.2,13.04,0.2951,0.441,0.1459,HIGH
933,80.4766,22.08721,0.3448,1.2908,1.4985,0.3251,0.4505,482.7,19.09,228.0,13.3,0.397,0.3498,0.0472,HIGH
934,79.78854,21.53072,0.6194,1.581,1.6433,0.3529,1.1096,572.8,26.65,244.3,5.39,0.9626,0.9918,0.0292,HIGH
935,79.25752,22.06891,0.1834,1.3958,1.1652,0.5569,0.2656,522.8,7.52,290.3,61.15,0.0846,0.107,0.0224,HIGH
936,79.40846,21.61159,0.4121,1.224,1.2473,0.2806,0.5074,479.6,12.19,238.5,27.37,0.2014,0.085,0.1164,HIGH
937,79.02759,21.60841,0.2907,1.2747,1.1803,0.5398,0.3758,490.0,8.57,118.0,34.35,0.0838,0.0649,0.0189,HIGH
938,80.37145,21.57231,0.2967,1.1367,1.3195,0.5368,0.3053,514.0,11.44,135.3,34.33,0.0647,0.0247,0.0399,HIGH
939,79.17663,21.73313,0.267,0.977,1.3696,0.514,0.2579,114.7,7.2,322.9,37.14,0.0603,0.0911,0.0308,HIGH
940,79.86477,21.42332,0.3766,1.3336,1.3315,0.5117,0.5586,428.5,13.95,6.2,19.32,0.2006,0.0883,0.1123,HIGH
941,79.41108,21.74297,0.4009,1.2155,1.2695,0.434,0.493,139.0,12.69,251.6,28.77,0.0707,0.089,0.0183,HIGH
942,79.83127,21.73336,0.2725,1.3212,1.4806,0.4627,0.3204,151.5,21.54,343.7,18.64,0.1262,0.3468,0.2206,MEDIUM
943,79.97713,21.90952,0.394,1.231,1.3295,0.3623,0.4388,119.5,10.48,254.2,28.73,0.0707,0.1168,0.0461,HIGH
944,80.24461,21.96692,0.4669,1.482,1.4571,0.427,0.6694,253.3,19.68,357.8,13.5,0.2452,0.3982,0.153,MEDIUM
945,79.30963,21.65235,0.2771,1.2405,1.2019,0.6382,0.3474,386.6,12.53,247.5,27.28,0.132,0.0679,0.0641,HIGH
946,79.01649,21.54187,0.2651,1.096,1.3308,0.4169,0.3502,535.7,18.53,12.4,31.25,0.09,0.0824,0.0076,HIGH
947,79.20533,21.50747,0.5441,1.5225,1.3594,0.3256,0.7615,491.0,16.38,297.7,12.66,0.4323,0.7005,0.2682,MEDIUM
948,80.35003,21.4557,0.2321,0.9573,1.1419,0.4703,0.2062,485.7,7.84,102.5,45.43,0.0806,0.0025,0.0781,HIGH
949,80.31084,21.34612,0.2076,0.9222,1.1893,0.5485,0.1987,259.7,14.41,160.6,56.29,0.0502,0.0025,0.0477,HIGH
950,79.89612,21.57396,0.4667,1.4581,1.3308,0.3406,0.5889,551.0,12.31,112.4,17.23,0.2488,0.2456,0.0032,HIGH
951,79.90078,21.5162,0.421,1.4245,1.3534,0.4639,0.558,532.8,12.43,96.7,17.85,0.2143,0.1251,0.0892,HIGH
952,79.99756,22.07313,0.2552,1.1869,1.1426,0.5772,0.2689,498.1,7.66,155.3,35.89,0.0838,0.0271,0.0567,HIGH
953,79.26306,21.74617,0.3089,1.0459,1.3301,0.5554,0.2832,149.2,14.54,136.4,37.25,0.0462,0.0247,0.0215,HIGH
954,80.37162,21.57782,0.2578,1.1343,1.3559,0.3626,0.302,510.6,7.67,228.0,33.8,0.1076,0.1071,0.0005,HIGH
955,79.62816,21.76437,0.5779,1.5588,1.3474,0.4174,0.8929,136.2,25.04,292.7,8.33,0.8757,0.7728,0.1029,HIGH
956,79.57471,21.41136,0.4092,1.129,1.3962,0.5425,0.4342,396.8,12.12,107.0,24.06,0.2239,0.1932,0.0307,HIGH
957,79.77838,21.65523,0.4883,1.4025,1.3704,0.4517,0.7063,336.7,14.43,76.9,12.55,0.346,0.3276,0.0183,HIGH
958,79.07045,21.80099,0.2926,1.2088,1.2958,0.5608,0.4399,63.2,8.14,240.1,48.45,0.05,0.0675,0.0175,HIGH
959,79.24943,21.69112,0.4072,1.3656,1.2713,0.5138,0.638,245.6,8.9,241.3,31.19,0.0889,0.0994,0.0105,HIGH
960,80.10705,21.62142,0.3319,1.2037,1.2934,0.5689,0.3034,447.1,12.56,324.4,28.36,0.1147,0.0181,0.0966,HIGH
961,79.1242,22.09508,0.196,1.1848,1.1909,0.6999,0.2611,494.1,9.78,5.7,74.49,0.0905,0.015,0.0755,HIGH
962,79.90473,22.00425,0.3133,0.9812,1.3424,0.442,0.2986,339.5,9.49,307.1,39.94,0.1056,0.0247,0.0808,HIGH
963,79.36802,21.79872,0.4096,1.2642,1.1622,0.5933,0.5255,62.4,7.62,187.6,34.92,0.0692,0.0801,0.011,HIGH
964,79.58394,21.7555,0.4308,1.4313,1.5059,0.363,0.5968,129.7,19.56,223.7,11.06,0.6706,0.391,0.2796,MEDIUM
965,79.43304,21.79653,0.3153,1.279,1.3808,0.4747,0.4092,53.6,16.09,32.9,28.06,0.1024,0.3291,0.2267,MEDIUM
966,79.53351,21.46105,0.37,1.2516,1.3675,0.3499,0.4707,497.8,14.5,155.7,25.18,0.178,0.2227,0.0447,HIGH
967,80.07857,21.61611,0.3195,1.3603,1.4661,0.4711,0.4056,445.8,15.29,81.8,30.48,0.0822,0.1862,0.1041,HIGH
968,79.44568,21.33157,0.3222,1.2282,1.2924,0.3759,0.3509,229.2,11.29,91.5,21.83,0.1355,0.0181,0.1174,HIGH
969,79.84961,21.68044,0.4509,1.4201,1.4374,0.4003,0.6179,291.3,20.22,181.5,18.88,0.2935,0.2162,0.0772,HIGH
970,79.71408,21.73442,0.6706,1.6135,1.5299,0.2253,1.0936,215.3,20.09,292.5,6.5,0.9599,0.993,0.0331,HIGH
971,79.99551,21.4822,0.3389,1.2248,1.3866,0.4526,0.445,502.7,8.57,267.8,28.95,0.08,0.0956,0.0156,HIGH
972,80.40524,22.07122,0.4242,1.4717,1.4432,0.3469,0.667,477.5,22.17,212.8,11.96,0.4952,0.2832,0.212,MEDIUM
973,80.09886,22.02756,0.2746,1.1969,1.2824,0.4784,0.304,341.8,20.91,194.2,24.7,0.1696,0.0469,0.1227,HIGH
974,79.32241,21.87771,0.2969,1.159,1.3423,0.3944,0.3583,84.6,10.77,153.8,43.01,0.06,0.0247,0.0352,HIGH
975,79.04677,21.72671,0.3399,1.1554,1.1992,0.4074,0.4408,147.3,7.59,350.2,42.68,0.061,0.0412,0.0198,HIGH
976,79.3934,21.99598,0.3044,1.1787,1.1211,0.5551,0.4171,303.7,7.52,201.7,44.72,0.0655,0.1952,0.1298,HIGH
977,79.89262,21.40452,0.363,1.3096,1.2844,0.3982,0.4725,390.1,12.54,91.4,22.99,0.1934,0.0574,0.136,HIGH
978,79.07714,21.93241,0.2317,1.1996,1.2619,0.6273,0.2669,169.9,14.62,82.8,61.58,0.0478,0.0946,0.0468,HIGH
979,79.74455,21.39986,0.3632,1.4907,1.4978,0.4375,0.551,373.9,13.11,220.1,16.42,0.3906,0.3934,0.0028,HIGH
980,79.89526,21.93537,0.3422,1.0847,1.265,0.5593,0.3137,149.8,14.24,188.2,36.42,0.0388,0.0306,0.0081,HIGH
981,79.50137,21.52061,0.3846,1.3449,1.4042,0.5937,0.5076,593.1,10.33,2.8,27.0,0.2957,0.1492,0.1464,HIGH
982,80.15637,22.00167,0.3166,1.2372,1.2512,0.4133,0.4289,334.8,18.01,298.8,18.99,0.1649,0.1498,0.0151,HIGH
983,79.1599,22.05523,0.3368,1.1717,1.1726,0.4984,0.4267,432.6,15.44,253.5,68.7,0.0514,0.0838,0.0324,HIGH
984,79.11271,21.41904,0.4408,1.4502,1.3571,0.4936,0.6258,425.7,14.44,238.3,17.0,0.2126,0.2532,0.0406,HIGH
985,80.09228,21.67014,0.4221,1.0904,1.3043,0.5114,0.4711,366.5,11.35,24.8,24.7,0.1988,0.0734,0.1254,HIGH
986,79.74324,22.08479,0.2158,1.1678,1.2433,0.5094,0.2108,494.3,12.95,130.3,43.55,0.0622,0.0393,0.0228,HIGH
987,80.0326,21.68673,0.2653,1.2018,1.3482,0.5963,0.3541,255.0,11.73,336.7,28.02,0.1037,0.1029,0.0009,HIGH
988,79.65224,21.99084,0.3071,1.1389,1.2362,0.4828,0.3459,278.7,12.48,310.5,32.32,0.0469,0.0058,0.041,HIGH
989,79.3696,21.77099,0.3339,1.3395,1.2764,0.5069,0.4334,81.6,11.51,102.8,33.91,0.0442,0.1052,0.061,HIGH
990,80.22865,21.60026,0.427,1.1897,1.2933,0.4839,0.4899,455.7,9.54,56.5,27.32,0.2212,0.0701,0.1511,MEDIUM
991,80.19912,21.52863,0.3389,1.1147,1.1855,0.4335,0.3747,510.7,14.84,161.7,35.42,0.0723,0.0008,0.0715,HIGH
992,80.04204,21.46258,0.2945,1.2083,1.2539,0.5121,0.3335,476.3,8.39,128.1,34.5,0.0806,0.0306,0.05,HIGH
993,79.40822,21.90944,0.2477,1.2556,1.2429,0.6236,0.3439,92.8,17.95,245.6,36.93,0.0412,0.1448,0.1036,HIGH
994,79.88535,21.60923,0.4717,1.3706,1.3648,0.461,0.6267,474.5,13.27,347.9,17.2,0.1987,0.2441,0.0454,HIGH
995,79.54146,21.70902,0.3966,1.563,1.419,0.4009,0.6995,209.8,18.95,130.7,13.94,0.5799,0.6606,0.0807,HIGH
996,79.13737,21.69386,0.388,1.2538,1.269,0.493,0.5598,251.8,8.86,22.4,34.51,0.097,0.1268,0.0298,HIGH
997,80.37597,21.76182,0.3803,1.1391,1.326,0.464,0.3887,150.6,12.95,323.1,18.91,0.1008,0.096,0.0049,HIGH
998,79.20523,21.99246,0.3413,1.068,1.3149,0.6008,0.368,342.1,7.01,13.7,60.64,0.0965,0.0214,0.0751,HIGH
999,80.42536,22.08459,0.493,1.4154,1.3387,0.4362,0.6652,492.6,19.8,343.0,12.77,0.3096,0.2166,0.093,HIGH
1000,79.66901,21.62607,0.518,1.6365,1.4477,0.3097,0.8313,402.9,20.47,239.2,8.21,0.9208,0.8067,0.1141,HIGH
1001,79.2777,21.96202,0.2438,0.8726,1.4443,0.5606,0.3128,202.3,14.46,339.0,52.06,0.0495,0.107,0.0574,HIGH
1002,79.81285,21.91162,0.314,1.4989,1.207,0.5254,0.4552,142.3,10.07,71.9,28.55,0.1288,0.1364,0.0075,HIGH
1003,80.30942,21.75882,0.4743,1.5137,1.3171,0.3116,0.7359,111.4,18.73,14.7,13.27,0.3074,0.4949,0.1875,MEDIUM
1004,80.09834,22.06484,0.3366,1.2619,1.3507,0.4991,0.4518,456.4,14.27,175.8,28.2,0.1124,0.0939,0.0185,HIGH
1005,80.20984,21.46038,0.2545,1.279,1.0719,0.3505,0.2755,482.6,7.18,162.2,42.9,0.0991,0.1009,0.0018,HIGH
1006,79.98818,21.38741,0.3056,1.4479,1.2521,0.5389,0.3997,337.7,9.89,119.3,32.51,0.1087,0.1865,0.0778,HIGH
1007,80.03841,21.98317,0.3486,1.3554,1.4768,0.5292,0.4122,289.7,11.84,344.8,25.96,0.1275,0.4358,0.3083,LOW
1008,80.27379,21.65132,0.2619,1.4053,1.2079,0.5178,0.3237,324.0,12.02,296.1,22.24,0.15,0.123,0.027,HIGH
1009,79.3745,21.97758,0.3036,1.1675,1.0755,0.4946,0.2119,296.0,7.92,238.2,44.74,0.0594,0.0008,0.0586,HIGH
1010,79.73414,22.01447,0.2537,1.1796,1.1386,0.5337,0.3265,341.8,11.98,58.6,35.7,0.0757,0.025,0.0507,HIGH
1011,79.33181,21.34997,0.4397,1.4921,1.5467,0.4716,0.7587,263.4,16.96,264.4,9.97,0.742,0.5914,0.1506,MEDIUM
1012,80.4815,22.00677,0.4875,1.5896,1.6476,0.4127,0.7824,298.8,24.25,261.7,5.58,0.965,0.9492,0.0158,HIGH
1013,80.41609,21.65866,0.2369,1.1674,1.2441,0.4881,0.2057,345.2,19.34,153.0,29.49,0.0705,0.0546,0.0159,HIGH
1014,79.05914,21.70835,0.2224,1.0364,1.2993,0.5299,0.1984,213.0,10.12,332.9,40.22,0.0618,0.0624,0.0006,HIGH
1015,80.05836,21.80127,0.3541,1.3405,1.4663,0.5303,0.4517,61.8,14.98,60.1,19.5,0.1044,0.1312,0.0268,HIGH
1016,80.38787,22.04111,0.5936,1.3687,1.6162,0.2387,0.7616,463.9,16.22,96.2,10.06,0.8115,0.577,0.2346,MEDIUM
1017,79.27086,21.31529,0.4619,1.5425,1.4449,0.3389,0.7554,190.9,23.58,22.8,10.6,0.8902,0.7542,0.136,HIGH
1018,79.85192,21.68147,0.4015,1.3499,1.1743,0.5459,0.5825,265.0,12.68,286.4,19.13,0.147,0.0649,0.0821,HIGH
1019,80.37323,21.85018,0.4455,1.4266,1.3293,0.4916,0.5777,31.9,16.62,223.8,15.68,0.1106,0.106,0.0047,HIGH
1020,79.05092,21.87817,0.2711,1.0737,1.182,0.5682,0.3274,91.8,21.12,113.4,57.11,0.0588,0.0058,0.053,HIGH
1021,80.04613,21.85403,0.3798,1.6452,1.3278,0.3256,0.7011,93.9,14.56,59.0,20.22,0.5185,0.6552,0.1366,HIGH
1022,79.44602,21.40755,0.3254,1.4762,1.3351,0.4409,0.5755,416.6,16.17,14.5,20.03,0.2166,0.1295,0.087,HIGH
1023,80.38659,21.53952,0.3675,1.0555,1.3395,0.4678,0.5312,565.9,9.36,60.0,38.34,0.0773,0.0655,0.0117,HIGH
1024,80.45659,21.58697,0.3853,1.2031,1.3518,0.5416,0.4184,514.2,7.24,163.2,38.37,0.1153,0.3115,0.1962,MEDIUM
1025,80.4164,21.94355,0.5094,1.6499,1.568,0.2181,0.9817,228.0,26.66,89.0,4.5,0.9639,0.9956,0.0316,HIGH
1026,79.71132,21.52301,0.5428,1.61,1.6701,0.2004,0.8562,491.4,20.43,93.2,4.47,0.9637,0.9788,0.0151,HIGH
1027,80.29306,21.46856,0.2709,1.0281,1.2674,0.3576,0.2489,537.8,11.38,315.2,42.56,0.0747,0.0673,0.0074,HIGH
1028,80.26682,22.06596,0.3185,1.3507,1.3349,0.557,0.4466,499.6,10.28,185.4,22.47,0.162,0.0377,0.1243,HIGH
1029,79.47865,21.30709,0.3681,1.1968,1.3756,0.4459,0.4114,127.6,17.05,262.5,26.29,0.1137,0.3034,0.1897,MEDIUM
1030,80.24337,22.09826,0.3051,1.3595,1.3075,0.4914,0.4348,492.9,9.75,12.9,26.52,0.1903,0.0958,0.0945,HIGH
1031,79.05551,21.84146,0.3767,1.2321,1.3851,0.5355,0.3981,25.2,8.71,131.5,53.21,0.0963,0.1913,0.095,HIGH
1032,79.8944,21.96278,0.3538,1.3162,1.1342,0.4301,0.4538,208.2,10.61,172.5,38.6,0.0549,0.0411,0.0138,HIGH
1033,79.34501,21.5357,0.4282,1.3127,1.345,0.3189,0.6264,532.4,14.89,67.1,16.45,0.2539,0.1004,0.1535,MEDIUM
1034,79.18085,21.31145,0.49,1.4828,1.3994,0.3229,0.7237,184.4,15.05,43.3,14.48,0.2439,0.417,0.1732,MEDIUM
1035,79.11543,21.8903,0.3211,1.1913,1.2527,0.4799,0.3896,114.5,8.22,313.3,55.79,0.0473,0.0394,0.0079,HIGH
1036,80.04443,21.96732,0.3257,1.2373,1.4169,0.4985,0.4267,273.4,11.11,338.2,24.41,0.1101,0.1669,0.0568,HIGH
1037,79.50981,21.89238,0.2952,1.1757,1.2936,0.4195,0.4056,66.2,11.13,28.4,27.55,0.1179,0.0565,0.0614,HIGH
1038,80.08715,21.41428,0.2923,1.3293,1.1289,0.6598,0.3058,397.7,8.49,125.6,40.96,0.1009,0.076,0.0248,HIGH
1039,79.09803,21.90274,0.3071,1.1477,1.283,0.6212,0.3817,146.1,8.97,345.0,57.71,0.0523,0.0268,0.0255,HIGH
1040,79.47294,21.91514,0.3223,1.2797,1.333,0.5639,0.399,147.2,8.99,29.9,32.14,0.0597,0.1383,0.0786,HIGH
1041,79.80924,21.82683,0.2973,1.242,1.1848,0.4423,0.3776,53.1,28.52,231.7,21.18,0.1281,0.0649,0.0632,HIGH
1042,80.18608,21.91289,0.4762,1.4516,1.4957,0.464,0.7443,137.9,19.62,350.0,8.73,0.6411,0.6116,0.0296,HIGH
1043,79.47813,21.97674,0.2946,1.1289,1.1264,0.495,0.2728,263.2,8.01,352.2,37.17,0.0594,0.0008,0.0586,HIGH
1044,79.93884,21.79088,0.3127,1.2057,1.2207,0.4958,0.3264,88.7,10.55,169.6,31.85,0.0394,0.0058,0.0336,HIGH
1045,80.32897,21.37088,0.3662,1.0249,1.1473,0.5499,0.2786,310.0,13.83,58.6,53.96,0.0713,0.0208,0.0505,HIGH
1046,79.92379,21.6901,0.2778,1.2717,1.3726,0.5306,0.3258,275.4,9.4,72.8,25.53,0.1735,0.1298,0.0437,HIGH
1047,79.34944,21.36212,0.5112,1.3506,1.4715,0.4174,0.757,252.9,20.04,320.3,10.75,0.6596,0.4115,0.2482,MEDIUM
1048,79.0366,21.62603,0.3798,1.0863,1.1586,0.469,0.4065,401.3,10.63,328.2,34.9,0.0861,0.0836,0.0025,HIGH
1049,80.30515,21.62569,0.4583,1.3355,1.3756,0.4337,0.545,402.4,9.95,218.8,25.95,0.3316,0.2149,0.1167,HIGH
1050,79.0319,21.35281,0.3202,1.3211,1.1857,0.5309,0.3987,263.8,15.82,275.8,26.72,0.1043,0.0726,0.0317,HIGH
1051,80.31205,21.57906,0.3441,1.1843,1.3036,0.5532,0.3331,479.7,9.93,266.4,31.1,0.0707,0.0181,0.0526,HIGH
1052,79.79341,21.3888,0.4265,1.2614,1.2994,0.4034,0.4818,348.2,12.97,238.3,18.51,0.2174,0.1045,0.1129,HIGH
1053,80.4086,21.94659,0.5938,1.591,1.5419,0.1632,0.9642,146.8,26.89,297.8,4.96,0.9464,0.9943,0.048,HIGH
1054,80.19817,22.05815,0.3532,1.2549,1.3605,0.4493,0.3846,471.7,13.88,246.7,23.74,0.1308,0.153,0.0222,HIGH
1055,80.4969,21.35785,0.2827,1.1839,1.2539,0.5914,0.3904,285.1,14.63,192.2,61.9,0.0488,0.0427,0.0061,HIGH
1056,79.52607,22.06409,0.1567,1.2521,1.344,0.6685,0.1927,415.5,10.46,85.3,43.32,0.0898,0.1825,0.0928,HIGH
1057,80.15078,21.71806,0.4498,1.345,1.3776,0.3253,0.6093,175.1,17.77,267.8,16.63,0.1651,0.1719,0.0068,HIGH
1058,79.6029,21.53965,0.4327,1.2983,1.4206,0.3786,0.5479,555.2,20.08,170.4,15.59,0.3052,0.1646,0.1407,HIGH
1059,79.71981,21.36149,0.3676,1.3556,1.308,0.4187,0.5369,280.4,10.95,106.1,20.84,0.1495,0.0324,0.1171,HIGH
1060,79.94126,21.7005,0.4372,1.1686,1.3089,0.5924,0.5501,220.9,14.76,288.7,27.77,0.1312,0.0837,0.0475,HIGH
1061,80.31052,21.93561,0.4165,1.4042,1.4577,0.3915,0.6016,165.9,17.7,250.8,13.48,0.1715,0.1923,0.0208,HIGH
1062,80.47613,21.86567,0.446,1.6168,1.4323,0.3093,0.7493,72.7,14.89,337.4,12.21,0.6625,0.7119,0.0494,HIGH
1063,80.15241,21.34018,0.3707,1.2202,1.0792,0.5783,0.4417,200.8,8.78,59.6,50.94,0.0798,0.0958,0.016,HIGH
1064,79.62665,21.35832,0.3106,1.2974,1.34,0.4382,0.43,305.2,9.88,233.7,24.69,0.161,0.2028,0.0419,HIGH
1065,79.63204,21.6223,0.4777,1.4265,1.5127,0.2536,0.6645,406.0,21.67,87.9,9.44,0.8479,0.4721,0.3759,LOW
1066,80.10637,21.53623,0.2915,1.2079,1.1998,0.4406,0.3522,546.1,10.33,325.3,36.99,0.0965,0.0008,0.0956,HIGH
1067,79.35817,21.48591,0.4951,1.5673,1.3229,0.5308,0.7623,534.6,26.31,35.8,13.25,0.7558,0.7475,0.0083,HIGH
1068,79.16571,21.5248,0.424,1.3534,1.4999,0.4535,0.551,533.9,13.08,236.2,16.84,0.3491,0.3809,0.0318,HIGH
1069,79.53193,21.94279,0.256,1.3607,1.3178,0.5037,0.314,153.0,11.87,284.8,30.82,0.0439,0.1802,0.1363,HIGH
1070,79.43086,22.04338,0.2514,1.279,1.2128,0.5082,0.3449,416.2,7.2,127.8,46.24,0.0836,0.1119,0.0283,HIGH
1071,79.44446,21.62408,0.3137,1.4335,1.2135,0.5002,0.5152,474.9,12.99,343.5,26.07,0.1278,0.0485,0.0793,HIGH
1072,79.35041,22.02489,0.268,1.1695,1.1586,0.5554,0.372,341.9,11.1,306.3,50.33,0.0655,0.015,0.0505,HIGH
1073,79.06314,21.5572,0.3563,1.3099,1.3987,0.5073,0.4039,583.6,13.9,106.1,27.75,0.1589,0.1683,0.0094,HIGH
1074,79.02681,21.68115,0.3115,1.3136,1.2561,0.5276,0.4736,281.8,13.56,2.7,40.06,0.0644,0.0783,0.0139,HIGH
1075,80.48158,21.48082,0.1844,1.186,1.1817,0.6015,0.2028,532.2,13.71,106.8,49.38,0.0647,0.0221,0.0425,HIGH
1076,79.64166,21.81238,0.5121,1.4212,1.4728,0.3894,0.7578,23.3,14.6,101.3,12.78,0.2962,0.4115,0.1153,HIGH
1077,79.57649,22.08318,0.2952,1.1131,1.1711,0.4464,0.2833,475.8,8.13,320.4,43.7,0.0965,0.0008,0.0956,HIGH
1078,80.01947,21.78279,0.4244,1.3108,1.4369,0.4192,0.5633,67.1,14.32,348.2,24.21,0.1651,0.1631,0.002,HIGH
1079,79.32738,21.58625,0.4023,1.2021,1.4527,0.2905,0.4993,465.6,13.54,25.4,20.67,0.2727,0.2008,0.0719,HIGH
1080,80.42494,21.81825,0.4657,1.3712,1.3411,0.5872,0.5643,46.9,12.98,169.7,17.16,0.1133,0.1722,0.0589,HIGH
1081,80.17952,21.39834,0.2956,1.2493,1.1745,0.6017,0.3997,374.7,9.21,197.4,50.03,0.082,0.0946,0.0126,HIGH
1082,79.13412,22.01093,0.3248,0.8942,0.9989,0.4778,0.3577,404.6,7.43,33.4,68.22,0.0897,0.0008,0.0889,HIGH
1083,79.62637,21.70247,0.6199,1.8645,1.4634,0.2601,1.147,202.0,22.25,135.9,4.48,0.8902,0.8337,0.0565,HIGH
1084,80.31868,21.65948,0.3578,1.4125,1.218,0.4114,0.5734,346.6,16.65,114.1,23.06,0.2011,0.036,0.1651,MEDIUM
1085,80.4171,21.76869,0.4789,1.2589,1.3388,0.5838,0.5933,109.0,12.22,193.0,22.68,0.1002,0.2121,0.1119,HIGH
1086,79.7011,21.79983,0.517,1.5501,1.4212,0.2633,0.8439,32.4,15.0,238.0,11.72,0.6867,0.7838,0.0971,HIGH
1087,79.92012,21.35742,0.3582,1.2417,1.1807,0.4973,0.3339,307.1,8.77,253.3,28.86,0.077,0.0683,0.0088,HIGH
1088,79.25055,21.84609,0.2108,1.2668,1.2049,0.5222,0.388,39.9,13.85,49.2,48.37,0.0501,0.1069,0.0568,HIGH
1089,80.48675,21.49355,0.2099,1.2416,1.2675,0.5972,0.3354,466.6,19.02,292.7,48.56,0.0578,0.2002,0.1425,HIGH
1090,79.34751,21.87116,0.3049,1.0315,1.2869,0.5104,0.3002,86.8,11.45,244.3,40.2,0.0396,0.0181,0.0215,HIGH
1091,80.4141,21.95803,0.615,1.7947,1.4455,0.1311,1.0052,185.2,22.71,320.1,3.82,0.8872,0.8267,0.0605,HIGH
1092,79.97447,21.94317,0.293,1.2104,1.2716,0.4726,0.369,153.2,19.44,161.8,30.13,0.0407,0.0211,0.0196,HIGH
1093,79.91161,21.742,0.3429,1.2609,1.1847,0.4054,0.3602,169.3,13.16,321.8,27.58,0.0927,0.0649,0.0278,HIGH
1094,79.76903,21.71614,0.555,1.4282,1.5228,0.3809,0.8149,194.2,22.47,311.7,11.5,0.7647,0.576,0.1887,MEDIUM
1095,79.346,21.4143,0.5479,1.7426,1.5551,0.4601,0.9753,450.6,22.5,157.8,8.93,0.9521,0.9972,0.0452,HIGH
1096,79.26479,21.92028,0.2141,1.2417,1.1517,0.3944,0.2188,173.6,7.85,137.2,50.87,0.0757,0.0959,0.0202,HIGH
1097,79.33073,21.51713,0.4402,1.374,1.3562,0.3337,0.6609,530.6,16.31,335.8,13.86,0.2408,0.1803,0.0605,HIGH
1098,79.27966,21.69736,0.2761,1.0845,1.2368,0.4542,0.3397,273.2,8.77,257.5,31.87,0.0594,0.0092,0.0502,HIGH
1099,80.16938,21.52742,0.2824,1.1535,1.0773,0.4792,0.3745,526.6,8.68,334.2,36.0,0.0722,0.0008,0.0714,HIGH
1100,79.52519,21.40706,0.3091,1.2854,1.3156,0.5471,0.3978,474.0,14.57,286.9,28.79,0.0578,0.1197,0.062,HIGH
1101,79.08676,21.80365,0.2514,1.169,1.2063,0.5164,0.2231,40.7,15.1,219.3,47.93,0.0396,0.026,0.0136,HIGH
1102,80.45365,21.34347,0.1987,1.2456,1.2903,0.5744,0.2963,282.7,10.66,41.7,61.18,0.0592,0.1792,0.1201,HIGH
1103,80.32568,21.89892,0.4586,1.5612,1.351,0.3327,0.7024,126.1,17.06,104.9,12.3,0.6135,0.7363,0.1229,HIGH
1104,80.39163,21.55407,0.2702,1.2827,1.2041,0.5309,0.2771,545.0,7.51,348.8,37.18,0.0751,0.0934,0.0184,HIGH
1105,80.49236,21.30011,0.1114,1.1467,1.0882,0.6061,0.1953,133.2,5.58,115.0,67.36,0.0586,0.015,0.0436,HIGH
1106,79.26084,21.7089,0.4142,1.0705,1.1881,0.4435,0.5484,217.0,9.61,33.6,33.12,0.1285,0.059,0.0696,HIGH
1107,79.59436,21.33748,0.3852,1.2241,1.1952,0.5497,0.4695,172.7,11.08,254.7,28.59,0.0547,0.075,0.0203,HIGH
1108,80.13736,21.52094,0.2785,1.2901,1.3322,0.5174,0.4672,556.7,10.86,264.2,37.5,0.0562,0.0952,0.039,HIGH
1109,80.04403,21.86558,0.382,1.3278,1.2897,0.5317,0.5118,72.8,10.85,102.8,20.54,0.1227,0.0784,0.0443,HIGH
1110,79.23084,21.35015,0.4741,1.6529,1.524,0.314,0.7646,272.4,35.88,107.2,7.74,0.9632,0.9306,0.0326,HIGH
1111,80.22375,21.97147,0.5302,1.4155,1.3866,0.4285,0.7189,161.9,15.49,168.8,13.89,0.1961,0.3332,0.137,HIGH
1112,79.33666,21.30306,0.5354,1.3358,1.3102,0.3985,0.797,121.3,21.01,7.8,14.31,0.2421,0.2812,0.0391,HIGH
1113,79.33573,21.49746,0.4716,1.4677,1.4241,0.376,0.6532,521.3,17.56,284.2,12.39,0.3863,0.3384,0.0479,HIGH
1114,79.80546,21.89272,0.3936,1.2952,1.3506,0.4989,0.5465,100.5,9.67,114.2,26.36,0.1383,0.1614,0.0231,HIGH
1115,79.88941,21.55302,0.4283,1.3359,1.2918,0.4611,0.5442,545.1,18.93,307.4,16.25,0.1699,0.0657,0.1042,HIGH
1116,79.87013,21.38151,0.2947,1.2747,1.3886,0.3633,0.3526,341.3,14.91,288.9,23.23,0.2013,0.1142,0.0871,HIGH
1117,79.13723,21.58819,0.3338,1.1917,1.248,0.5835,0.4493,513.0,12.64,238.1,24.32,0.1129,0.0641,0.0488,HIGH
1118,80.31619,21.51631,0.3027,1.2939,1.2126,0.3653,0.3727,519.1,9.94,117.0,37.92,0.1075,0.0649,0.0425,HIGH
1119,79.3984,21.97417,0.2622,1.1326,1.2812,0.4681,0.2767,276.1,6.92,185.9,42.58,0.0594,0.0799,0.0205,HIGH
1120,79.19427,21.55068,0.3969,1.5258,1.3223,0.4197,0.6622,552.5,16.28,160.1,17.45,0.2704,0.5452,0.2748,MEDIUM
1121,80.33312,21.93115,0.4481,1.6132,1.4282,0.4254,0.8027,170.2,23.69,122.0,13.28,0.7474,0.7152,0.0322,HIGH
1122,80.43348,22.0135,0.5819,1.6891,1.548,0.4148,1.015,349.9,20.32,305.3,4.87,0.9618,0.9972,0.0355,HIGH
1123,80.29319,21.64705,0.3638,1.1968,1.3339,0.3149,0.4027,428.6,11.17,174.1,23.28,0.1456,0.0665,0.0791,HIGH
1124,80.21427,22.02795,0.3306,1.129,1.1581,0.4054,0.3478,404.7,20.24,299.8,20.21,0.2075,0.0008,0.2066,MEDIUM
1125,79.98286,21.60185,0.3016,1.1082,1.1508,0.3119,0.3382,441.6,10.22,37.9,27.28,0.2277,0.0008,0.2269,MEDIUM
1126,79.82629,22.07126,0.2162,1.0167,1.2831,0.5289,0.2359,487.0,10.6,50.8,44.86,0.0719,0.0624,0.0095,HIGH
1127,79.13048,21.37143,0.475,1.551,1.4787,0.4347,0.6874,344.1,15.89,351.8,15.62,0.6405,0.8829,0.2424,MEDIUM
1128,79.61268,21.84962,0.3006,1.3886,1.3003,0.5561,0.4535,35.4,15.55,211.6,17.66,0.0824,0.0615,0.0209,HIGH
1129,79.55903,21.69505,0.527,1.5289,1.4242,0.389,0.8101,287.8,16.9,183.5,11.96,0.4239,0.7149,0.291,MEDIUM
1130,79.38963,21.61012,0.4133,1.045,1.328,0.5604,0.3461,466.5,10.6,188.3,26.08,0.1673,0.0766,0.0908,HIGH
1131,80.08513,21.80617,0.4021,1.2774,1.4412,0.4667,0.4672,-10.6,12.63,77.5,16.49,0.1313,0.1895,0.0582,HIGH
1132,79.74381,21.86309,0.255,1.429,1.188,0.41,0.3392,69.4,16.46,258.7,20.02,0.1127,0.123,0.0104,HIGH
1133,79.12157,21.30349,0.3679,1.3705,1.2802,0.3315,0.5006,148.0,16.53,30.5,19.92,0.1209,0.04,0.0809,HIGH
1134,79.33027,21.43356,0.5316,1.5916,1.4898,0.3505,0.9405,478.6,22.1,206.4,7.62,0.9596,0.9756,0.016,HIGH
1135,80.02489,21.87044,0.3145,1.361,1.384,0.3412,0.4399,94.7,14.24,205.5,22.71,0.1192,0.0777,0.0416,HIGH
1136,79.1142,21.83311,0.2468,1.3037,1.425,0.6361,0.2797,55.9,7.12,329.1,49.82,0.0694,0.2304,0.1611,MEDIUM
1137,80.27681,22.07284,0.4474,1.2929,1.3161,0.443,0.5895,532.2,10.47,189.4,21.88,0.2063,0.1258,0.0805,HIGH
1138,79.74272,21.90883,0.3855,1.2888,1.2011,0.5661,0.4792,111.3,16.16,49.3,24.67,0.1202,0.093,0.0272,HIGH
1139,79.72088,22.06062,0.2433,1.1896,1.2762,0.4808,0.3057,478.8,9.46,206.2,40.48,0.0722,0.0851,0.0129,HIGH
1140,79.88861,21.86203,0.2422,1.4673,1.3857,0.5155,0.3844,83.9,9.67,32.9,30.5,0.0924,0.2457,0.1533,MEDIUM
1141,80.23702,21.53844,0.2914,0.9926,1.2728,0.5219,0.3497,542.8,7.99,73.4,34.2,0.0866,0.0244,0.0621,HIGH
1142,79.52171,21.38429,0.3202,1.3121,1.2173,0.4835,0.4189,376.6,8.85,11.2,28.58,0.1045,0.2302,0.1258,HIGH
1143,80.01702,21.92546,0.375,1.2666,1.3879,0.4375,0.5568,129.5,11.17,184.8,25.02,0.1509,0.1755,0.0246,HIGH
1144,79.8486,21.81532,0.3303,1.347,1.372,0.4981,0.4903,41.7,16.29,30.4,23.91,0.105,0.0567,0.0483,HIGH
1145,79.40054,21.33855,0.4379,1.3228,1.2982,0.3497,0.5438,200.5,22.25,169.0,16.98,0.1899,0.0819,0.108,HIGH
1146,80.31794,21.58804,0.4194,1.2243,1.3112,0.3967,0.624,501.4,17.31,335.9,30.36,0.1007,0.0802,0.0205,HIGH
1147,80.19614,22.06544,0.3937,1.354,1.3941,0.5694,0.5494,478.9,19.68,259.1,24.57,0.2055,0.1349,0.0706,HIGH
1148,79.98768,21.70032,0.3166,1.5339,1.3712,0.5545,0.4438,277.6,17.6,27.9,31.23,0.302,0.4881,0.186,MEDIUM
1149,80.27587,21.64618,0.3549,1.3836,1.3215,0.4665,0.5737,399.5,13.07,80.7,22.85,0.1516,0.0271,0.1245,HIGH
1150,80.30094,21.66616,0.3553,1.2341,1.3082,0.5874,0.5424,318.5,11.46,242.5,21.58,0.1271,0.0594,0.0678,HIGH
1151,80.06254,21.46711,0.3591,1.1466,1.3538,0.4897,0.41,480.6,13.62,322.1,36.57,0.0586,0.2432,0.1845,MEDIUM
1152,80.25552,21.59497,0.302,1.2028,1.1958,0.591,0.3381,495.8,9.67,11.9,28.07,0.1831,0.0008,0.1823,MEDIUM
1153,80.04621,21.59585,0.3104,1.0238,1.2997,0.5188,0.3092,514.6,8.83,292.5,34.07,0.0722,0.0181,0.0541,HIGH
1154,80.02021,21.34188,0.2976,1.1471,1.1404,0.433,0.3771,270.7,8.06,202.3,38.32,0.0797,0.0008,0.0789,HIGH
1155,79.92792,21.91405,0.2828,1.2761,1.3495,0.6528,0.4247,158.3,10.47,196.6,34.16,0.0424,0.2036,0.1612,MEDIUM
1156,80.12907,21.6332,0.2753,1.1395,1.2837,0.5562,0.3422,399.6,10.73,344.8,26.09,0.1355,0.0397,0.0957,HIGH
1157,79.23791,21.95774,0.2822,1.2333,1.3193,0.5279,0.3531,204.0,6.38,269.2,55.53,0.0523,0.0457,0.0066,HIGH
1158,80.32131,21.98028,0.4428,1.4969,1.4569,0.4559,0.7377,250.8,16.12,306.0,13.85,0.2132,0.4075,0.1943,MEDIUM
1159,80.30777,21.4696,0.3095,1.088,1.1405,0.4909,0.3211,517.3,14.82,127.4,42.75,0.0622,0.0008,0.0613,HIGH
1160,79.04387,21.82588,0.2428,1.1205,1.3356,0.6012,0.3236,48.5,9.25,199.6,52.26,0.0523,0.0807,0.0284,HIGH
1161,80.23873,21.67783,0.457,1.5193,1.4863,0.2452,0.6799,304.1,19.91,221.5,18.75,0.5341,0.8431,0.309,LOW
1162,79.1933,22.00413,0.2167,1.1921,1.2823,0.4602,0.2799,328.5,6.34,115.8,62.46,0.0912,0.082,0.0092,HIGH
1163,79.50268,21.47259,0.4234,1.257,1.2367,0.56,0.5266,518.5,9.64,205.3,27.2,0.2024,0.0842,0.1181,HIGH
1164,80.11526,21.84225,0.3746,1.4531,1.4111,0.3652,0.5415,27.5,17.85,85.2,12.53,0.2694,0.2239,0.0455,HIGH
1165,79.24114,21.7862,0.3083,1.1727,1.2523,0.5381,0.3427,106.3,9.12,51.6,41.78,0.0634,0.0306,0.0328,HIGH
1166,80.22695,21.53624,0.3307,1.15,1.2069,0.398,0.4475,549.0,11.85,134.6,34.43,0.0774,0.0412,0.0362,HIGH
1167,80.2482,21.40928,0.2346,0.9328,1.3624,0.6789,0.1821,406.8,12.41,266.1,48.57,0.0718,0.0955,0.0237,HIGH
1168,79.7612,21.82131,0.4326,1.5912,1.3909,0.5197,0.6514,29.6,17.74,329.8,17.07,0.4643,0.6132,0.1489,HIGH
1169,79.00958,21.89088,0.3259,1.1368,0.997,0.5246,0.4766,49.3,16.94,164.8,60.41,0.0381,0.0317,0.0063,HIGH
1170,79.43056,21.5525,0.2446,1.3274,1.3444,0.4356,0.3736,576.1,11.72,231.4,24.15,0.1735,0.1835,0.01,HIGH
1171,79.92539,21.81587,0.3431,1.2151,1.2477,0.5795,0.2977,70.8,8.95,37.1,31.46,0.0597,0.0274,0.0323,HIGH
1172,80.47178,21.6161,0.1735,1.1121,1.2475,0.6712,0.1646,394.3,10.34,325.6,37.22,0.082,0.0685,0.0136,HIGH
1173,79.94772,21.87057,0.2706,1.204,1.2471,0.5727,0.2352,89.4,8.53,204.7,31.24,0.0523,0.0646,0.0123,HIGH
1174,79.38971,21.45937,0.5164,1.2689,1.4701,0.5799,0.6078,533.2,14.59,280.9,14.8,0.1935,0.3444,0.1509,MEDIUM
1175,79.95101,22.01217,0.2732,1.4207,1.3477,0.4355,0.2312,355.9,8.26,286.0,35.84,0.1245,0.1437,0.0192,HIGH
1176,79.80998,21.52993,0.475,1.4808,1.5378,0.2638,0.6965,596.7,19.63,92.3,7.68,0.8012,0.6179,0.1833,MEDIUM
1177,80.16977,21.59423,0.3202,1.1393,1.2619,0.3926,0.3077,490.6,9.03,190.5,28.73,0.091,0.0306,0.0604,HIGH
1178,79.16047,21.34647,0.5514,1.408,1.4167,0.4313,0.7794,216.8,13.93,345.8,13.67,0.243,0.3524,0.1095,HIGH
1179,80.14154,21.38921,0.1842,1.2747,1.2302,0.544,0.1536,376.1,10.42,32.3,47.6,0.0988,0.1153,0.0165,HIGH
1180,79.8119,21.71269,0.3677,1.4042,1.325,0.4054,0.5205,220.0,16.34,245.9,16.18,0.1332,0.0344,0.0988,HIGH
1181,80.44449,21.51407,0.3569,1.0333,1.2819,0.5899,0.348,531.5,11.35,346.4,44.02,0.0544,0.0181,0.0363,HIGH
1182,79.51281,21.96838,0.4001,1.3271,1.3004,0.6041,0.6061,260.8,11.86,108.2,34.34,0.082,0.0848,0.0027,HIGH
1183,79.94893,21.31175,0.3006,1.2723,1.3852,0.3846,0.453,127.8,7.96,310.1,34.76,0.0774,0.1183,0.0409,HIGH
1184,80.39804,21.60328,0.2503,1.2646,1.3696,0.4538,0.3558,497.8,9.14,336.1,32.93,0.0862,0.209,0.1228,HIGH
1185,79.15376,21.56988,0.4777,1.3902,1.2818,0.52,0.6478,493.1,11.02,269.0,21.6,0.1731,0.1795,0.0065,HIGH
1186,80.40584,21.31546,0.3405,1.3586,1.2776,0.5042,0.5619,156.4,12.88,83.3,62.15,0.0457,0.0347,0.011,HIGH
1187,80.03183,21.39949,0.3356,1.4104,1.1814,0.4459,0.3957,386.2,12.79,120.2,36.03,0.0986,0.0524,0.0463,HIGH
1188,79.10176,21.63091,0.2815,1.1596,1.3358,0.5754,0.2563,424.1,9.11,12.9,30.48,0.0938,0.028,0.0658,HIGH
1189,79.45145,21.69429,0.3546,1.4528,1.2777,0.3635,0.511,261.9,11.43,299.3,23.9,0.1361,0.1018,0.0343,HIGH
1190,80.06226,21.62343,0.3126,1.2638,1.1966,0.471,0.5077,405.3,21.74,305.9,30.84,0.0758,0.0662,0.0096,HIGH
1191,79.10103,21.72475,0.3088,1.2251,1.2694,0.5434,0.3683,169.9,10.49,227.8,39.37,0.0412,0.0276,0.0136,HIGH
1192,79.87326,21.77611,0.4263,1.1152,1.1013,0.4234,0.4662,56.8,16.07,126.9,24.43,0.1418,0.0583,0.0835,HIGH
1193,79.51882,21.30794,0.3668,1.2124,1.1408,0.556,0.3726,162.8,9.46,27.7,30.33,0.0597,0.0208,0.0389,HIGH
1194,79.93137,21.67128,0.2964,1.197,1.2973,0.4265,0.4021,346.5,10.4,271.1,24.99,0.2158,0.0565,0.1593,MEDIUM
1195,79.06861,22.0708,0.3234,1.1909,1.2117,0.6591,0.4328,478.6,11.33,261.5,76.47,0.0535,0.0696,0.0161,HIGH
1196,80.30731,21.71523,0.4277,1.4951,1.3505,0.4139,0.6789,232.5,16.83,328.5,17.01,0.2176,0.2733,0.0556,HIGH
1197,80.46023,21.84203,0.4733,1.2285,1.2836,0.4567,0.55,94.5,17.97,263.0,14.45,0.0965,0.1775,0.081,HIGH
1198,80.45332,21.54949,0.3608,1.1645,1.1763,0.5805,0.3849,521.5,9.88,298.3,41.37,0.0707,0.0042,0.0666,HIGH
1199,80.12448,21.91919,0.3879,1.5561,1.4462,0.3493,0.5389,129.6,16.91,268.5,14.06,0.5292,0.6189,0.0897,HIGH
1200,79.19513,21.91834,0.263,1.1076,1.2629,0.3742,0.2954,198.8,10.98,227.0,56.9,0.0536,0.09,0.0364,HIGH
1201,80.13739,21.71704,0.3804,1.4519,1.3731,0.4568,0.4983,245.9,13.23,153.7,17.54,0.1873,0.2121,0.0248,HIGH
1202,79.03688,22.08081,0.1756,1.1422,1.297,0.5527,0.1417,445.1,6.92,324.8,78.61,0.0751,0.0749,0.0002,HIGH
1203,79.03319,21.40044,0.3628,1.3038,1.3378,0.5202,0.4518,403.4,17.45,234.3,25.82,0.135,0.0879,0.0471,HIGH
1204,79.48542,21.31356,0.4663,1.2341,1.241,0.4613,0.5509,181.8,10.51,143.4,26.67,0.1075,0.1692,0.0618,HIGH
1205,79.73296,21.91613,0.2577,1.1556,1.2883,0.438,0.2709,154.3,12.59,30.0,25.09,0.1179,0.0799,0.038,HIGH
1206,80.15561,21.94572,0.4466,1.3403,1.308,0.5565,0.6219,168.0,18.66,104.7,13.65,0.1227,0.1147,0.008,HIGH
1207,80.02494,21.39617,0.3353,1.2657,1.2506,0.3908,0.4283,356.6,45.35,195.7,35.52,0.0985,0.1943,0.0958,HIGH
1208,79.66885,21.51247,0.5163,1.5644,1.578,0.4064,0.7932,529.0,18.85,99.2,9.13,0.9501,0.9493,0.0008,HIGH
1209,79.41044,21.31404,0.3853,1.3368,1.4115,0.3944,0.5243,165.7,13.5,79.6,19.32,0.1876,0.1486,0.0391,HIGH
1210,80.49569,21.53465,0.2141,1.1093,1.3445,0.5005,0.188,571.7,13.69,189.9,45.6,0.0575,0.0757,0.0182,HIGH
1211,79.63927,21.91851,0.3653,1.2538,1.2909,0.444,0.4633,98.5,16.16,61.1,24.45,0.1021,0.0828,0.0193,HIGH
1212,79.67708,21.71437,0.612,1.9155,1.752,0.1747,1.1798,190.0,28.02,288.1,1.97,0.9503,1.0,0.0497,HIGH
1213,79.24544,21.57848,0.2863,1.3256,1.3465,0.4823,0.3043,454.7,13.97,174.4,18.77,0.1327,0.1151,0.0175,HIGH
1214,80.19221,21.59739,0.3938,1.1154,1.4112,0.5958,0.4891,508.9,10.3,206.6,27.93,0.2352,0.1633,0.0719,HIGH
1215,80.04052,21.30108,0.3321,1.2352,1.2363,0.561,0.3662,193.4,10.27,53.1,42.89,0.0597,0.0168,0.0429,HIGH
1216,79.33115,21.53984,0.4238,1.384,1.4469,0.4251,0.5911,535.2,20.97,116.8,16.09,0.3538,0.1709,0.1829,MEDIUM
1217,79.12357,21.81717,0.2869,1.1485,1.3463,0.4513,0.3878,44.6,14.74,147.6,47.8,0.046,0.0453,0.0007,HIGH
1218,80.02075,22.07936,0.36,1.3608,1.247,0.5476,0.5361,506.6,7.96,291.0,34.62,0.0769,0.0428,0.0341,HIGH
1219,79.98177,21.97765,0.3312,1.2224,1.2952,0.6681,0.4066,310.6,10.35,277.3,30.98,0.0801,0.0565,0.0236,HIGH
1220,79.40989,21.31888,0.4391,1.3848,1.463,0.4076,0.59,205.9,13.9,80.3,18.98,0.1911,0.2122,0.0211,HIGH
1221,80.4263,22.01885,0.5548,1.5504,1.5445,0.2713,0.9075,347.4,34.4,221.8,5.69,0.9631,0.9711,0.0079,HIGH
1222,79.22659,21.92656,0.3322,1.1075,1.1128,0.4922,0.4017,101.0,10.27,87.6,54.95,0.0548,0.0305,0.0243,HIGH
1223,79.6485,21.9243,0.3664,1.3394,1.483,0.4328,0.4599,111.6,11.55,355.8,24.98,0.2245,0.3445,0.12,HIGH
1224,80.41542,21.6664,0.3393,1.086,1.2509,0.2684,0.3288,328.6,8.64,342.8,28.84,0.1028,0.0365,0.0663,HIGH
1225,79.62959,21.6184,0.4341,1.5602,1.4878,0.3899,0.5736,418.6,19.34,202.8,9.95,0.937,0.8116,0.1255,HIGH
1226,79.95779,21.54233,0.3719,1.3012,1.4119,0.3987,0.4916,549.6,10.18,251.6,23.84,0.3106,0.1915,0.1191,HIGH
1227,79.59639,21.35256,0.2967,1.2612,1.2495,0.3525,0.3701,257.8,16.12,288.5,27.11,0.128,0.1267,0.0013,HIGH
1228,79.41132,21.48259,0.3704,1.4744,1.2886,0.4918,0.6029,501.0,17.35,259.6,18.04,0.1457,0.1702,0.0245,HIGH
1229,80.47597,21.49728,0.2351,1.1795,1.2491,0.4433,0.2953,508.3,8.62,251.9,47.53,0.0965,0.0933,0.0032,HIGH
1230,79.614,21.68726,0.5102,1.8051,1.4049,0.2791,0.9877,321.2,21.18,345.1,6.02,0.9235,0.8038,0.1198,HIGH
1231,80.34115,21.89796,0.5528,1.3501,1.3954,0.5144,0.7114,126.0,22.84,214.7,13.79,0.1674,0.3272,0.1598,MEDIUM
1232,79.34493,21.67905,0.3862,1.2374,1.297,0.3831,0.5348,346.8,9.46,229.1,31.07,0.145,0.1069,0.0381,HIGH
1233,79.31966,21.34628,0.603,1.5653,1.464,0.2275,0.9175,275.0,17.57,305.7,9.33,0.8903,0.8236,0.0668,HIGH
1234,79.0467,22.06623,0.1933,1.0011,1.0815,0.5681,0.2324,457.7,16.4,241.2,76.72,0.0578,0.0025,0.0553,HIGH
1235,79.9775,22.05418,0.3049,1.287,1.3846,0.602,0.3195,487.0,13.91,263.9,36.13,0.0692,0.1235,0.0543,HIGH
1236,79.55279,21.92815,0.2675,1.4786,1.2996,0.3601,0.4073,151.7,15.53,84.3,28.31,0.1413,0.377,0.2357,MEDIUM
1237,80.29654,22.09306,0.3399,1.3199,1.453,0.4857,0.3493,519.5,11.41,133.7,21.37,0.1589,0.1426,0.0163,HIGH
1238,79.70981,21.73559,0.5141,1.7016,1.5236,0.3554,0.8614,160.5,19.4,53.0,6.21,0.9287,0.9662,0.0375,HIGH
1239,80.45229,22.07021,0.5445,1.5219,1.388,0.2044,0.8507,389.3,15.44,182.1,10.99,0.7068,0.7223,0.0155,HIGH
1240,79.27829,21.36048,0.549,1.5954,1.5758,0.3659,0.8498,342.3,20.25,164.1,5.74,0.9669,0.9788,0.0119,HIGH
1241,80.30293,21.59254,0.3805,1.055,1.2684,0.5602,0.3489,501.6,14.38,359.0,29.38,0.0797,0.0749,0.0048,HIGH
1242,80.1649,21.48031,0.318,1.0966,1.1478,0.4957,0.3911,540.5,7.78,220.0,41.24,0.0699,0.0008,0.0691,HIGH
1243,80.15638,21.45667,0.3972,1.0178,1.3532,0.6253,0.3991,499.8,11.65,283.1,43.99,0.0891,0.1558,0.0667,HIGH
1244,80.26717,21.41264,0.2007,1.3143,1.1776,0.6217,0.2393,424.3,7.26,120.2,48.34,0.0958,0.118,0.0222,HIGH
1245,80.14154,21.79793,0.5452,1.5014,1.3108,0.3776,0.8207,48.2,17.33,299.4,11.01,0.5316,0.5401,0.0085,HIGH
1246,79.93933,21.92506,0.3685,1.1742,1.3742,0.4663,0.5645,165.0,24.06,221.4,33.22,0.0581,0.1272,0.0691,HIGH
1247,79.19687,21.76264,0.2425,1.2621,1.2054,0.4401,0.3638,71.9,7.95,250.9,39.81,0.0678,0.1069,0.0392,HIGH
1248,79.04879,21.41757,0.4063,1.1762,1.2691,0.4646,0.536,435.7,11.6,106.0,24.08,0.1716,0.0857,0.086,HIGH
1249,80.38127,21.9489,0.5521,1.5306,1.3758,0.3737,0.8669,214.3,19.11,197.5,7.59,0.8843,0.7223,0.162,MEDIUM
1250,79.92498,21.80876,0.3081,1.2303,1.4165,0.47,0.3874,52.0,8.55,228.3,31.11,0.0603,0.0859,0.0256,HIGH
1251,80.19481,21.61053,0.3007,1.3663,1.199,0.3027,0.2911,465.3,11.78,212.1,26.44,0.1683,0.0664,0.1019,HIGH
1252,79.72228,21.8393,0.3796,1.4445,1.3886,0.5227,0.5144,20.6,14.26,329.5,16.65,0.1359,0.1692,0.0333,HIGH
1253,79.17596,21.50792,0.5388,1.456,1.48,0.4203,0.7604,519.2,18.03,323.4,14.69,0.2962,0.6339,0.3377,LOW
1254,79.18778,21.57615,0.3829,1.3441,1.3814,0.4163,0.421,518.6,17.71,349.6,20.31,0.2692,0.3439,0.0748,HIGH
1255,80.02835,22.03399,0.3615,1.2688,1.2757,0.5623,0.4008,424.2,11.36,240.3,30.42,0.0565,0.1504,0.0939,HIGH
1256,79.64546,21.5324,0.4433,1.5341,1.3226,0.4909,0.581,491.8,15.48,349.9,10.97,0.8334,0.5433,0.2901,MEDIUM
1257,79.30079,21.67599,0.2865,1.1313,1.2191,0.2671,0.3222,318.2,12.22,299.7,29.72,0.0845,0.0058,0.0787,HIGH
1258,79.73739,22.01211,0.3574,1.1993,1.2742,0.5433,0.4696,335.7,7.6,97.5,35.52,0.088,0.0457,0.0423,HIGH
1259,79.09631,21.86618,0.2001,1.024,1.1566,0.4222,0.2603,57.0,9.62,153.9,53.95,0.0757,0.0025,0.0732,HIGH
1260,79.87296,21.34976,0.322,1.2731,1.3194,0.5177,0.4307,227.2,13.75,85.8,26.29,0.1009,0.1676,0.0667,HIGH
1261,79.40349,21.41784,0.4309,1.3706,1.4537,0.4208,0.5425,405.1,13.85,1.5,15.33,0.3149,0.173,0.1419,HIGH
1262,80.19634,21.30627,0.2702,1.38,1.2933,0.5895,0.2763,195.0,12.5,67.7,57.01,0.0529,0.1617,0.1087,HIGH
1263,79.46554,21.80474,0.3403,1.2724,1.2121,0.4329,0.3451,61.7,19.09,1.5,25.17,0.1114,0.0649,0.0464,HIGH
1264,79.68283,21.65814,0.6035,1.5528,1.7465,0.1406,0.8736,335.4,26.54,259.1,4.98,0.9659,0.9618,0.0041,HIGH
1265,79.01743,21.40742,0.3707,1.2395,1.357,0.4471,0.415,404.3,10.28,153.2,27.55,0.3522,0.4691,0.1169,HIGH
1266,79.10867,22.06635,0.292,1.1613,1.2057,0.5785,0.3311,485.4,8.77,112.5,74.1,0.0838,0.0008,0.083,HIGH
1267,79.58874,21.72373,0.4621,1.732,1.5776,0.4279,0.7496,200.6,26.47,274.2,9.05,0.9503,0.9468,0.0035,HIGH
1268,79.71991,21.49351,0.5394,1.5808,1.7266,0.2201,0.8696,539.1,20.04,299.7,6.55,0.9626,0.9743,0.0117,HIGH
1269,79.90003,21.70048,0.4143,1.1276,1.2011,0.5509,0.4555,274.6,16.51,351.1,24.3,0.1382,0.0661,0.0721,HIGH
1270,79.43749,21.8437,0.3689,1.3135,1.2643,0.4405,0.485,80.3,8.33,231.1,30.03,0.0696,0.072,0.0024,HIGH
1271,80.04247,21.36099,0.2242,1.038,1.0573,0.5457,0.2897,307.8,6.92,166.2,39.17,0.0873,0.0025,0.0848,HIGH
1272,80.29018,21.51976,0.3166,1.1436,1.2699,0.4711,0.3031,551.6,12.88,109.9,36.91,0.0602,0.0221,0.0381,HIGH
1273,80.16978,21.94557,0.3601,1.4458,1.4614,0.402,0.5415,209.7,20.02,80.0,12.77,0.2796,0.1354,0.1443,HIGH
1274,79.05943,21.66773,0.3023,1.1819,1.2524,0.5825,0.3567,332.5,13.45,76.7,36.58,0.0757,0.0306,0.0451,HIGH
1275,79.72076,21.73726,0.6354,1.6853,1.4704,0.2259,1.0541,190.1,28.55,147.3,7.29,0.8933,0.8437,0.0496,HIGH
1276,79.1574,21.64625,0.2825,1.1736,1.1248,0.4335,0.3758,402.6,9.05,357.0,28.78,0.1052,0.0008,0.1044,HIGH
1277,79.36307,21.33512,0.4061,1.4243,1.4497,0.4109,0.6224,201.1,14.85,0.3,13.68,0.2024,0.2008,0.0016,HIGH
1278,80.47999,21.4326,0.306,1.1302,1.3362,0.7283,0.2985,428.0,15.15,71.0,53.77,0.0668,0.0247,0.0421,HIGH
1279,79.21374,21.65643,0.2572,1.2648,1.2464,0.4154,0.3161,330.0,9.53,67.8,27.89,0.2431,0.1775,0.0657,HIGH
1280,79.74833,21.46735,0.4813,1.5772,1.5273,0.5087,0.7731,545.5,21.27,258.2,8.95,0.9507,0.9388,0.0119,HIGH
1281,79.92723,21.33998,0.3505,1.2693,1.1531,0.6554,0.4312,196.1,11.17,126.9,30.82,0.0415,0.1275,0.086,HIGH
1282,80.0537,21.97492,0.3244,1.3731,1.3545,0.4596,0.4748,271.4,10.07,164.6,24.05,0.1452,0.0319,0.1133,HIGH
1283,79.83947,22.08495,0.2652,1.1873,1.1985,0.5051,0.3289,512.5,7.54,53.5,46.84,0.0871,0.0321,0.0549,HIGH
1284,79.01466,21.93451,0.2966,1.162,1.1494,0.4874,0.4362,200.7,8.36,145.8,64.48,0.0538,0.0532,0.0006,HIGH
1285,79.48969,21.98303,0.3197,1.0282,1.1932,0.5067,0.2522,285.1,14.81,37.2,37.05,0.055,0.0008,0.0542,HIGH
1286,79.77657,21.49358,0.5576,1.6282,1.4955,0.2086,0.9017,501.1,23.0,191.9,7.07,0.9596,0.9746,0.0149,HIGH
1287,79.1318,22.0685,0.239,1.1585,1.2372,0.5393,0.2314,445.9,9.15,35.3,72.1,0.0905,0.0343,0.0562,HIGH
1288,79.52594,21.45754,0.3623,1.3397,1.1993,0.5968,0.5156,467.5,11.91,284.6,26.1,0.1241,0.0283,0.0958,HIGH
1289,79.0498,22.06114,0.2485,1.0391,1.1734,0.4975,0.1773,444.9,6.63,204.0,76.08,0.0722,0.0075,0.0647,HIGH
1290,79.11787,22.09586,0.2778,1.0429,1.2022,0.5269,0.3071,511.0,5.73,260.6,75.11,0.0751,0.0008,0.0742,HIGH
1291,79.59538,21.86938,0.3573,1.2776,1.2589,0.3111,0.425,30.5,12.98,150.7,20.4,0.1026,0.1891,0.0865,HIGH
1292,79.19907,22.08491,0.2488,1.1678,1.3526,0.5738,0.2538,545.7,5.47,137.3,67.23,0.0867,0.0955,0.0087,HIGH
1293,79.85131,21.75563,0.3249,1.4246,1.27,0.4744,0.3906,83.3,11.48,35.4,21.4,0.0961,0.1034,0.0072,HIGH
1294,80.0342,21.50763,0.3117,1.172,1.2169,0.5057,0.3421,588.5,10.09,188.6,32.62,0.0722,0.0058,0.0664,HIGH
1295,80.20088,21.6496,0.3291,1.4035,1.2547,0.4396,0.5162,403.2,12.49,185.2,22.05,0.1769,0.0459,0.1309,HIGH
1296,79.30023,21.77485,0.2335,1.1821,1.3875,0.4961,0.2748,119.5,6.93,168.5,40.61,0.062,0.1021,0.0401,HIGH
1297,79.25122,21.35847,0.5767,1.6454,1.5929,0.3461,0.9803,268.3,22.5,266.6,6.0,0.9638,0.9972,0.0335,HIGH
1298,79.15685,21.79787,0.2914,1.1336,1.1593,0.5237,0.4136,76.5,9.56,299.7,44.65,0.0523,0.1952,0.1429,HIGH
1299,79.95465,22.08494,0.3292,1.2459,1.333,0.544,0.4233,463.3,7.11,270.3,40.28,0.0723,0.2136,0.1413,HIGH
1300,80.05971,21.45209,0.2781,1.2207,1.2712,0.5286,0.3115,522.0,18.68,51.8,36.71,0.0699,0.0254,0.0445,HIGH
1301,79.04738,21.93408,0.2807,1.3458,1.232,0.6319,0.4011,162.7,5.87,223.9,62.95,0.0579,0.104,0.0461,HIGH
1302,80.40432,22.02632,0.5619,1.5204,1.4885,0.383,0.8272,373.8,25.36,28.9,7.64,0.8822,0.9022,0.02,HIGH
1303,79.07796,22.05496,0.2774,1.1609,1.1457,0.5614,0.2968,412.2,5.23,250.1,74.5,0.0779,0.0008,0.077,HIGH
1304,79.81194,22.06811,0.2409,1.1043,1.2628,0.6465,0.19,399.6,14.99,137.5,43.93,0.0707,0.085,0.0142,HIGH
1305,80.06359,21.71717,0.369,1.2114,1.2804,0.4969,0.4934,171.1,10.04,47.7,23.22,0.1037,0.0657,0.0379,HIGH
1306,80.30645,22.08185,0.4057,1.3434,1.4982,0.5474,0.5258,530.3,16.78,310.3,19.74,0.3587,0.3815,0.0228,HIGH
1307,80.07113,21.90585,0.3973,1.375,1.2618,0.4842,0.5554,99.6,13.33,221.0,18.63,0.1063,0.0973,0.009,HIGH
1308,80.20259,21.42934,0.1734,1.4412,1.3537,0.3811,0.1982,449.2,11.59,127.7,46.38,0.1069,0.2033,0.0964,HIGH
1309,79.50918,21.68152,0.4143,1.3595,1.3648,0.5328,0.5851,308.3,14.0,11.1,17.61,0.2663,0.1463,0.12,HIGH
1310,80.22224,21.87466,0.7319,1.6469,1.6364,0.2721,1.1672,124.5,21.79,193.4,3.2,0.9503,1.0,0.0497,HIGH
1311,79.12017,21.49787,0.3773,1.3855,1.4281,0.4329,0.5156,583.7,17.29,332.4,18.83,0.2582,0.1569,0.1013,HIGH
1312,80.34222,21.81249,0.4171,1.2543,1.3757,0.4142,0.567,26.6,14.34,214.7,13.22,0.2133,0.1667,0.0466,HIGH
1313,79.82139,21.83328,0.384,1.2959,1.3973,0.4327,0.5372,-8.3,20.34,349.8,22.66,0.1986,0.1725,0.0261,HIGH
1314,80.22595,21.43016,0.2937,1.1515,1.0146,0.5463,0.3371,526.7,6.46,49.1,46.2,0.0905,0.0008,0.0897,HIGH
1315,79.67848,21.75207,0.6249,1.7399,1.4927,0.2575,0.9988,197.5,21.62,204.6,5.93,0.9464,0.9801,0.0337,HIGH
1316,79.96537,21.9173,0.2604,1.3277,1.2076,0.5949,0.4954,137.4,13.39,287.3,30.21,0.0436,0.1096,0.066,HIGH
1317,79.7896,21.69912,0.4849,1.4022,1.3201,0.3867,0.7672,207.0,15.81,189.2,13.64,0.1635,0.272,0.1086,HIGH
1318,80.09738,21.30968,0.3057,1.1314,1.2118,0.4991,0.382,202.2,7.14,32.8,47.38,0.061,0.0008,0.0601,HIGH
1319,79.12244,21.30723,0.3816,1.2699,1.3849,0.3682,0.4469,164.8,16.86,209.8,19.6,0.1509,0.2008,0.0499,HIGH
1320,79.09053,21.58562,0.3533,1.1408,1.3522,0.5043,0.3974,494.5,14.97,220.2,27.48,0.1142,0.0559,0.0583,HIGH
1321,79.37065,22.04096,0.3236,1.1704,1.2439,0.5477,0.3516,446.3,16.23,262.3,50.12,0.0544,0.0111,0.0433,HIGH
1322,79.23932,21.48294,0.563,1.4515,1.4461,0.3716,0.8804,543.1,18.86,274.0,8.54,0.6413,0.47,0.1713,MEDIUM
1323,80.30768,21.80749,0.4422,1.5018,1.5065,0.2739,0.6772,23.2,18.9,277.5,9.83,0.7205,0.617,0.1035,HIGH
1324,79.32882,21.47766,0.5344,1.4332,1.4804,0.2326,0.7268,518.3,17.62,238.8,10.23,0.6486,0.5714,0.0773,HIGH
1325,80.4638,21.55734,0.2842,1.2215,1.3165,0.5709,0.3236,552.5,7.85,77.7,41.4,0.0866,0.0247,0.0619,HIGH
1326,79.50534,21.97843,0.3063,1.3738,1.3207,0.6278,0.4768,283.6,12.9,145.5,35.72,0.0595,0.0424,0.0171,HIGH
1327,79.27318,21.88309,0.2786,1.0141,1.2301,0.4485,0.3625,87.3,7.77,279.4,48.18,0.0503,0.0058,0.0445,HIGH
1328,80.18455,21.37632,0.2618,0.9491,1.1497,0.6621,0.3249,361.6,8.09,343.2,52.4,0.082,0.0125,0.0695,HIGH
1329,79.98806,21.64296,0.3876,1.2263,1.2345,0.512,0.5132,372.6,10.54,28.4,29.17,0.102,0.08,0.022,HIGH
1330,79.74729,21.32334,0.3466,1.2807,1.268,0.4711,0.4312,209.2,14.47,192.8,24.92,0.0746,0.1818,0.1073,HIGH
1331,79.83305,21.68471,0.345,1.3903,1.3425,0.4008,0.3176,179.4,21.7,112.5,18.18,0.1547,0.0832,0.0715,HIGH
1332,80.0788,21.82995,0.3956,1.3493,1.4051,0.3107,0.5487,36.7,16.74,81.1,16.67,0.1876,0.1419,0.0457,HIGH
1333,79.34268,21.3948,0.5253,1.5534,1.5531,0.4219,0.8158,401.5,19.39,182.1,8.73,0.9474,0.9611,0.0136,HIGH
1334,80.4945,21.53111,0.3402,1.1878,1.2278,0.4656,0.4111,536.7,12.32,218.2,45.82,0.0523,0.1907,0.1385,HIGH
1335,80.46219,21.61827,0.3311,1.2946,1.2579,0.448,0.4313,424.5,11.36,3.5,36.28,0.0647,0.1901,0.1255,HIGH
1336,79.97549,22.03562,0.2623,1.0021,1.2724,0.5867,0.1966,376.3,7.69,280.9,35.03,0.082,0.0704,0.0116,HIGH
1337,79.29931,22.0946,0.3866,1.0851,1.1725,0.3897,0.4474,545.0,5.95,295.2,59.85,0.1291,0.0844,0.0446,HIGH
1338,80.02034,21.33593,0.3072,1.1995,1.1748,0.3939,0.4001,250.0,7.11,347.6,38.73,0.0797,0.0305,0.0492,HIGH
1339,79.1083,21.90881,0.3276,1.0328,1.0749,0.5378,0.3724,141.4,8.06,65.0,57.99,0.057,0.0008,0.0562,HIGH
1340,79.04598,21.59738,0.3083,1.3902,1.2175,0.5223,0.4759,426.9,14.92,214.0,32.0,0.0666,0.0373,0.0293,HIGH
1341,79.38652,21.61397,0.3696,1.2017,1.3411,0.5165,0.4743,442.5,10.63,153.6,26.26,0.128,0.1251,0.0029,HIGH
1342,79.69393,21.90341,0.4065,1.2995,1.2711,0.4368,0.5078,99.3,12.03,120.5,22.78,0.1418,0.1269,0.0149,HIGH
1343,80.30241,22.03474,0.4692,1.4369,1.3568,0.6293,0.6706,397.1,21.64,203.6,17.4,0.2793,0.2766,0.0026,HIGH
1344,80.09075,22.06074,0.3853,1.1874,1.3289,0.4676,0.4621,441.8,15.92,281.7,28.26,0.1553,0.1054,0.0499,HIGH
1345,80.11406,21.7617,0.4682,1.2257,1.4356,0.3958,0.5792,102.3,17.13,8.3,15.77,0.1789,0.2462,0.0673,HIGH
1346,79.63824,21.5857,0.4482,1.4376,1.3514,0.3198,0.6943,523.3,15.75,349.0,12.38,0.3176,0.2346,0.083,HIGH
1347,79.5189,21.93004,0.2941,1.3322,1.3605,0.5034,0.424,99.2,8.73,291.6,30.35,0.0662,0.2292,0.163,MEDIUM
1348,79.55656,21.5008,0.3914,1.2882,1.4289,0.5021,0.6081,598.8,10.61,270.4,21.35,0.1867,0.1826,0.0041,HIGH
1349,80.48147,21.75126,0.3984,1.1962,1.2227,0.5671,0.5869,145.4,9.97,273.7,24.75,0.1252,0.0695,0.0557,HIGH
1350,79.06016,21.58686,0.3129,1.3242,1.2164,0.3733,0.4183,494.8,9.68,140.1,30.05,0.1211,0.2337,0.1126,HIGH
1351,80.30055,21.8253,0.5754,1.5507,1.5976,0.3187,0.7004,78.2,20.3,270.6,8.38,0.9436,0.9171,0.0265,HIGH
1352,79.86801,21.49232,0.5035,1.3706,1.3893,0.445,0.752,497.0,13.31,139.2,15.17,0.3052,0.3272,0.022,HIGH
1353,79.65792,21.45327,0.3969,1.4575,1.2365,0.4471,0.5514,476.6,14.15,323.5,14.12,0.2271,0.1605,0.0666,HIGH
1354,80.08789,22.03459,0.3023,1.3444,1.1926,0.4773,0.3663,401.6,9.98,63.8,26.05,0.2005,0.0604,0.1402,HIGH
1355,79.73,21.38144,0.3909,1.6012,1.3444,0.4783,0.606,387.2,15.57,105.2,18.52,0.5424,0.5968,0.0544,HIGH
1356,80.31013,21.70477,0.4165,1.4514,1.2749,0.3677,0.5822,230.1,15.54,198.5,18.17,0.1879,0.148,0.0399,HIGH
1357,80.35105,21.47668,0.2573,1.2756,1.2042,0.6486,0.3588,540.5,9.69,114.9,43.25,0.0838,0.1059,0.0221,HIGH
1358,79.63258,21.33114,0.4065,1.2075,1.3014,0.5602,0.4129,204.4,10.11,152.7,27.0,0.1449,0.2456,0.1007,HIGH
1359,79.41524,21.32882,0.4156,1.2541,1.4774,0.3301,0.4673,231.2,13.27,177.3,18.93,0.1991,0.4085,0.2094,MEDIUM
1360,79.88853,21.44018,0.3867,1.3457,1.3264,0.3592,0.5375,525.0,11.39,308.3,20.08,0.2192,0.087,0.1323,HIGH
1361,80.36855,21.99342,0.4416,1.579,1.5785,0.2614,0.7285,335.5,17.73,188.3,8.92,0.9531,0.9018,0.0513,HIGH
1362,79.31599,21.52598,0.3786,1.3377,1.5303,0.453,0.5385,547.1,22.76,130.5,13.98,0.4575,0.3952,0.0623,HIGH
1363,79.93445,22.06037,0.304,1.1534,1.3591,0.4162,0.3113,479.8,22.36,89.2,40.33,0.1283,0.0588,0.0695,HIGH
1364,79.94734,21.7653,0.2093,1.2571,1.296,0.4723,0.2142,124.2,12.1,147.1,31.98,0.0444,0.178,0.1335,HIGH
1365,80.09967,21.64929,0.3944,1.3027,1.1471,0.5134,0.4885,383.6,19.11,185.7,26.11,0.1839,0.0893,0.0946,HIGH
1366,79.19735,21.76407,0.2829,1.223,1.2822,0.513,0.358,142.1,10.93,268.6,39.96,0.0396,0.0214,0.0182,HIGH
1367,80.07374,21.71336,0.5278,1.3347,1.4124,0.4808,0.7788,244.2,10.28,43.6,22.62,0.2604,0.3474,0.0871,HIGH
1368,80.36355,21.90702,0.5897,1.448,1.4427,0.2903,0.7515,109.8,37.9,79.8,11.59,0.609,0.4411,0.1679,MEDIUM
1369,79.26952,21.526,0.4493,1.4191,1.5711,0.4355,0.6266,568.8,14.68,136.7,12.82,0.5897,0.4349,0.1548,MEDIUM
1370,79.35631,21.58244,0.3679,1.1991,1.4057,0.4051,0.3745,491.2,15.07,129.7,21.57,0.1943,0.101,0.0933,HIGH
1371,80.45709,22.01528,0.6325,1.8699,1.6151,0.2653,1.1001,332.0,20.95,141.0,5.03,0.9669,1.0,0.0331,HIGH
1372,79.27147,22.05717,0.3481,1.1243,1.3013,0.559,0.4397,445.2,7.56,285.7,59.13,0.0696,0.0555,0.0141,HIGH
1373,80.28158,22.01405,0.3133,1.3356,1.388,0.4453,0.4457,354.5,15.61,116.7,18.83,0.2243,0.0763,0.148,HIGH
1374,79.73842,21.63556,0.4112,1.4524,1.2789,0.3571,0.6196,350.8,18.43,180.7,9.76,0.5974,0.153,0.4444,LOW
1375,79.37085,21.92429,0.2568,1.4609,1.2021,0.4605,0.4212,170.8,7.84,224.6,41.21,0.0598,0.3181,0.2584,MEDIUM
1376,80.30612,21.68107,0.4122,1.2291,1.4436,0.4226,0.4826,206.8,12.54,83.6,20.29,0.1718,0.1896,0.0178,HIGH
1377,79.66796,21.69803,0.7179,1.8448,1.6277,0.2056,1.3027,329.2,26.36,258.7,0.26,0.9659,1.0,0.0341,HIGH
1378,79.77223,21.46374,0.5522,1.5837,1.4584,0.2466,0.9838,556.6,28.86,197.0,9.87,0.9166,0.8281,0.0885,HIGH
1379,79.53885,21.7729,0.3587,1.4599,1.3038,0.3818,0.5114,87.5,18.91,160.8,16.34,0.1046,0.1035,0.001,HIGH
1380,79.88943,21.44891,0.2728,1.4423,1.4968,0.4732,0.4302,489.9,13.62,291.5,19.6,0.2808,0.4157,0.1349,HIGH
1381,79.24529,21.56525,0.452,1.5636,1.5113,0.3241,0.707,533.8,12.96,87.7,17.31,0.7916,0.9006,0.109,HIGH
1382,79.58662,21.98402,0.2715,1.2625,1.1992,0.5936,0.2504,264.5,14.46,317.9,32.76,0.0488,0.0751,0.0263,HIGH
1383,80.45412,21.46566,0.1726,1.0362,1.2379,0.6333,0.0766,519.9,6.73,202.0,49.15,0.0751,0.0218,0.0532,HIGH
1384,79.3872,21.35693,0.4428,1.4041,1.3517,0.3061,0.5927,280.9,14.19,219.3,14.75,0.2032,0.144,0.0591,HIGH
1385,79.9851,21.35521,0.3469,1.2326,1.3128,0.6141,0.4804,278.1,9.37,315.0,34.33,0.0572,0.0554,0.0019,HIGH
1386,79.48779,22.05263,0.2761,1.3641,1.2766,0.5134,0.4161,449.6,14.93,294.3,43.89,0.0651,0.2983,0.2333,MEDIUM
1387,80.16021,21.70554,0.3858,1.2423,1.4412,0.4601,0.5249,190.2,12.62,216.6,17.36,0.1146,0.2151,0.1005,HIGH
1388,79.19631,21.62753,0.3406,1.3955,1.3361,0.4336,0.426,419.9,9.9,271.1,25.28,0.2149,0.1191,0.0959,HIGH
1389,80.45473,21.9487,0.6139,1.7979,1.8598,0.3264,1.1846,201.9,24.72,156.0,2.71,0.9517,1.0,0.0483,HIGH
1390,79.68068,21.96866,0.2575,1.3169,1.201,0.5243,0.2908,248.1,9.62,197.1,29.86,0.0683,0.123,0.0547,HIGH
1391,79.35408,21.56575,0.3511,1.333,1.2152,0.3785,0.4786,517.7,14.44,22.3,19.83,0.1861,0.025,0.1611,MEDIUM
1392,79.11025,21.85489,0.2956,1.0505,1.1902,0.4416,0.31,89.5,8.27,32.3,52.24,0.0818,0.0008,0.081,HIGH
1393,79.25464,21.9169,0.2863,1.211,1.097,0.4175,0.338,120.4,8.18,298.6,51.69,0.0678,0.0008,0.0669,HIGH
1394,79.77966,21.82372,0.4057,1.4273,1.2443,0.4505,0.646,58.2,12.02,21.5,18.6,0.1324,0.1111,0.0213,HIGH
1395,79.5055,21.42128,0.291,1.3586,1.2207,0.5252,0.3601,476.9,9.64,61.0,26.66,0.192,0.081,0.1109,HIGH
1396,80.24333,22.00071,0.401,1.3832,1.3041,0.4776,0.4872,321.5,19.0,286.5,17.21,0.1932,0.083,0.1102,HIGH
1397,79.64633,21.73128,0.492,1.6638,1.5135,0.2677,0.8196,177.3,29.28,0.4,4.14,0.9479,0.9554,0.0075,HIGH
1398,79.37307,21.52598,0.4162,1.2237,1.4162,0.3351,0.4893,546.6,13.06,101.7,17.5,0.2563,0.1589,0.0974,HIGH
1399,79.92572,21.64018,0.4364,1.3864,1.2873,0.406,0.7739,427.1,10.59,210.3,22.72,0.2606,0.1675,0.0931,HIGH
1400,80.06017,21.33006,0.2109,1.204,1.2241,0.6152,0.2878,211.8,6.76,214.4,42.69,0.0523,0.0381,0.0142,HIGH
1401,79.25056,21.40229,0.622,1.7169,1.7174,0.1991,1.0474,434.6,26.58,279.8,1.91,0.9626,1.0,0.0374,HIGH
1402,79.25143,21.91244,0.2865,1.0818,1.161,0.5459,0.2572,119.8,10.92,182.1,51.78,0.0412,0.0008,0.0404,HIGH
1403,79.05501,21.30001,0.4048,1.2172,1.2812,0.3923,0.3987,127.3,10.96,183.4,26.4,0.1334,0.0886,0.0447,HIGH
1404,80.1046,21.63325,0.3147,1.1065,1.326,0.5092,0.2969,426.3,13.42,261.1,27.34,0.1175,0.0247,0.0928,HIGH
1405,79.99571,21.71801,0.292,1.1545,1.1298,0.4538,0.3429,191.2,13.4,179.5,29.47,0.0396,0.0008,0.0388,HIGH
1406,79.71195,21.34371,0.2652,1.1886,1.1355,0.5454,0.3866,271.1,21.0,219.1,22.92,0.1347,0.0321,0.1026,HIGH
1407,80.26626,22.07846,0.3669,1.2573,1.3518,0.525,0.5173,409.7,10.23,323.2,23.2,0.1539,0.1243,0.0297,HIGH
1408,80.20851,21.4809,0.3913,1.0958,1.2829,0.4798,0.4403,531.4,7.6,144.5,40.63,0.1085,0.0962,0.0123,HIGH
1409,79.87803,21.54336,0.4468,1.2625,1.5684,0.3976,0.548,529.4,13.42,138.6,14.99,0.447,0.4274,0.0197,HIGH
1410,80.30241,21.54315,0.305,1.4021,1.275,0.4622,0.4411,511.4,15.59,1.3,34.66,0.0762,0.0648,0.0115,HIGH
1411,79.30876,21.48433,0.5207,1.6779,1.5485,0.2384,0.8477,517.7,22.61,220.8,9.48,0.9596,0.9825,0.0229,HIGH
1412,79.16788,21.30118,0.4187,1.3229,1.3724,0.3498,0.6398,138.2,15.94,10.7,16.28,0.1952,0.1514,0.0438,HIGH
1413,79.40462,21.88348,0.2627,1.222,1.283,0.5244,0.3115,78.5,7.72,181.5,35.51,0.0523,0.087,0.0347,HIGH
1414,79.08563,22.07348,0.2958,1.15,1.3385,0.5724,0.3358,442.3,6.48,289.5,76.24,0.0751,0.0247,0.0503,HIGH
1415,79.79675,21.47943,0.5134,1.6673,1.3102,0.3658,0.7452,539.3,17.62,198.0,9.65,0.8758,0.7603,0.1154,HIGH
1416,80.40491,21.83044,0.42,1.3188,1.421,0.3943,0.5442,91.2,15.81,97.1,16.29,0.1824,0.1323,0.0501,HIGH
1417,79.05902,21.89352,0.2148,1.2333,1.3859,0.6141,0.3067,101.3,6.8,283.0,58.3,0.0628,0.1336,0.0709,HIGH
1418,79.18316,21.97874,0.3261,1.0646,1.2347,0.5466,0.2937,293.3,5.79,97.1,61.95,0.0651,0.0058,0.0593,HIGH
1419,79.6783,21.6381,0.579,1.4921,1.6606,0.3763,0.8264,427.6,23.39,263.9,6.99,0.8714,0.6854,0.186,MEDIUM
1420,80.40081,21.54234,0.2661,1.2502,1.1983,0.3741,0.3723,580.8,8.36,219.7,38.81,0.0965,0.1059,0.0094,HIGH
1421,79.47423,21.56024,0.3923,1.3929,1.2998,0.1645,0.4725,586.1,11.5,61.2,26.4,0.2511,0.0923,0.1589,MEDIUM
1422,79.76085,21.8701,0.3482,1.5777,1.3395,0.4769,0.6023,51.1,11.02,325.8,21.58,0.3301,0.5613,0.2312,MEDIUM
1423,79.06236,21.95342,0.2203,0.9968,1.0331,0.4287,0.193,186.4,11.91,72.2,64.34,0.062,0.0025,0.0595,HIGH
1424,79.22251,21.44529,0.5232,1.7232,1.4523,0.2909,0.8822,507.1,22.17,356.3,6.14,0.9166,0.8184,0.0982,HIGH
1425,80.47995,21.59675,0.2038,1.1342,1.1593,0.4929,0.1749,501.0,16.15,2.6,39.36,0.0672,0.015,0.0522,HIGH
1426,80.44768,22.02155,0.5956,1.7508,1.6236,0.4265,1.0617,398.1,22.05,94.9,5.57,0.9656,1.0,0.0344,HIGH
1427,79.00741,21.94535,0.167,0.9682,1.2793,0.5753,0.2847,246.2,16.73,71.9,65.91,0.0565,0.0654,0.009,HIGH
1428,80.42772,22.08789,0.3937,1.3383,1.4538,0.4038,0.5659,506.2,23.01,5.0,13.08,0.4704,0.1993,0.2712,MEDIUM
1429,79.95868,21.9034,0.218,1.15,1.3457,0.5611,0.2075,120.5,11.63,263.7,30.57,0.0427,0.0832,0.0405,HIGH
1430,80.30188,21.61456,0.3346,1.2659,1.2856,0.5104,0.4803,416.7,19.82,249.6,27.01,0.1127,0.0782,0.0345,HIGH
1431,79.68211,21.77251,0.517,1.5239,1.6012,0.2999,0.7721,160.0,18.76,285.2,8.23,0.7619,0.8997,0.1378,HIGH
1432,79.77339,21.82881,0.3812,1.4282,1.3646,0.521,0.6132,40.2,13.38,92.4,18.57,0.1506,0.1693,0.0187,HIGH
1433,79.73327,21.36276,0.3287,1.4353,1.35,0.3595,0.5121,290.6,11.0,160.0,20.57,0.1485,0.0407,0.1078,HIGH
1434,80.0003,21.7356,0.2745,1.3077,1.2711,0.5112,0.2118,151.3,12.25,237.3,28.12,0.0812,0.1723,0.0911,HIGH
1435,79.20948,21.86746,0.2941,1.2991,1.278,0.4099,0.3319,44.5,11.05,158.3,51.09,0.0551,0.1555,0.1004,HIGH
1436,79.04496,21.43386,0.325,1.3239,1.2802,0.4866,0.4775,441.1,15.5,251.0,24.63,0.1196,0.0397,0.0799,HIGH
1437,79.46189,21.92451,0.3252,1.0838,1.3441,0.5193,0.36,129.7,8.29,228.2,33.73,0.049,0.0247,0.0243,HIGH
1438,80.05702,21.76702,0.3337,1.4639,1.2516,0.5846,0.4373,63.1,13.04,41.3,20.93,0.105,0.16,0.055,HIGH
1439,79.30278,22.06178,0.2738,1.0656,1.1284,0.4134,0.26,438.7,6.43,281.2,56.96,0.0965,0.0008,0.0956,HIGH
1440,80.01015,21.33394,0.3612,1.2728,1.3061,0.4662,0.3644,287.2,11.38,259.4,37.98,0.0441,0.1077,0.0636,HIGH
1441,80.45487,21.51226,0.3098,1.3116,1.2268,0.5921,0.4019,571.3,7.04,236.1,44.82,0.0829,0.0914,0.0085,HIGH
1442,79.14085,21.78124,0.2626,1.2047,1.2006,0.551,0.4268,111.9,15.86,55.8,43.41,0.0456,0.1271,0.0814,HIGH
1443,80.0089,21.53725,0.3392,1.0862,1.3561,0.505,0.4087,581.6,9.44,96.5,29.53,0.085,0.2635,0.1785,MEDIUM
1444,79.66563,21.87154,0.3814,1.2631,1.3108,0.362,0.5912,122.4,12.75,141.5,19.04,0.1418,0.1182,0.0236,HIGH
1445,80.30221,21.9072,0.4879,1.6545,1.4479,0.318,0.8513,60.8,23.17,100.8,10.64,0.8902,0.7976,0.0926,HIGH
1446,79.26572,21.38201,0.6056,1.7443,1.7252,0.3603,1.1078,310.8,23.98,82.0,3.17,0.9669,1.0,0.0331,HIGH
1447,80.03894,21.71108,0.3372,1.2777,1.4292,0.4716,0.5296,192.3,9.34,289.9,25.82,0.0994,0.094,0.0054,HIGH
1448,80.25717,21.70711,0.4349,1.4857,1.5194,0.4445,0.665,211.7,15.48,229.8,15.79,0.3793,0.5069,0.1276,HIGH
1449,80.41692,21.59542,0.2558,1.2682,1.239,0.4977,0.315,473.0,7.82,203.6,34.86,0.0722,0.1348,0.0627,HIGH
1450,80.02487,22.04634,0.2665,1.2475,1.3732,0.403,0.384,417.7,24.88,81.3,31.65,0.1328,0.2002,0.0673,HIGH
1451,79.74576,21.96201,0.2532,1.2082,1.2047,0.5683,0.3786,234.7,11.77,330.5,30.38,0.0488,0.0381,0.0106,HIGH
1452,79.92677,21.85777,0.2303,1.1759,1.1944,0.5434,0.2468,58.0,8.86,68.8,33.47,0.0606,0.015,0.0456,HIGH
1453,80.30336,21.87146,0.4543,1.6572,1.3066,0.5282,0.7168,45.6,20.1,286.2,8.8,0.8564,0.7478,0.1086,HIGH
1454,79.85591,21.66937,0.4069,1.4201,1.4993,0.3529,0.5848,253.8,11.94,348.0,18.41,0.3861,0.3984,0.0123,HIGH
1455,79.04558,22.0368,0.2107,1.0839,1.1369,0.6116,0.27,380.4,11.68,261.8,73.67,0.0633,0.0025,0.0608,HIGH
1456,80.39642,21.85568,0.4702,1.554,1.406,0.2938,0.7706,39.3,24.02,357.4,13.97,0.6421,0.7267,0.0846,HIGH
1457,80.03429,21.88318,0.3725,1.3018,1.2614,0.4686,0.4138,72.1,18.67,234.4,21.9,0.111,0.3783,0.2673,MEDIUM
1458,80.01477,21.98935,0.2328,1.1592,1.3459,0.5649,0.3655,261.6,10.28,78.3,28.5,0.1479,0.0882,0.0597,HIGH
1459,79.32351,21.51926,0.4808,1.3761,1.39,0.2302,0.6296,535.3,15.38,73.4,13.67,0.2844,0.2345,0.0499,HIGH
1460,79.98833,21.94566,0.3703,1.1439,1.1843,0.4716,0.4104,156.2,8.69,116.8,28.8,0.0548,0.2403,0.1855,MEDIUM
1461,79.5908,21.45619,0.3379,1.3174,1.3882,0.3979,0.4,497.2,15.33,2.6,19.73,0.22,0.151,0.0689,HIGH
1462,79.97685,21.57627,0.3646,1.3898,1.1893,0.421,0.6417,479.1,12.22,245.4,26.14,0.1602,0.0467,0.1135,HIGH
1463,79.15989,21.56849,0.334,1.2449,1.2739,0.4822,0.4279,495.6,13.09,96.7,21.09,0.121,0.1705,0.0496,HIGH
1464,79.98677,22.08282,0.3022,1.203,1.084,0.6028,0.321,459.1,16.63,293.5,37.5,0.0578,0.0008,0.0569,HIGH
1465,80.49912,21.98523,0.4985,1.5884,1.4324,0.2969,0.835,280.6,19.59,129.3,6.11,0.8932,0.7879,0.1053,HIGH
1466,79.07232,21.86094,0.1775,1.1045,1.2333,0.5531,0.2345,33.0,5.8,172.8,54.4,0.0523,0.0318,0.0205,HIGH
1467,80.46576,21.88165,0.4746,1.3824,1.3137,0.3695,0.6467,105.0,16.14,347.6,10.21,0.428,0.1742,0.2538,MEDIUM
1468,79.61036,21.74966,0.5166,1.5628,1.3846,0.338,0.8494,146.1,18.13,87.2,8.34,0.8532,0.7773,0.0759,HIGH
1469,80.30613,22.05767,0.3807,1.3484,1.3672,0.3457,0.4721,452.2,11.83,259.7,18.22,0.2539,0.1639,0.0901,HIGH
1470,80.17358,21.69701,0.3467,1.4311,1.3297,0.5174,0.4715,226.4,14.72,271.8,17.65,0.1007,0.0304,0.0703,HIGH
1471,79.85052,21.60441,0.4303,1.4784,1.5819,0.4178,0.5356,477.3,15.41,79.6,13.48,0.5199,0.4764,0.0435,HIGH
1472,80.10767,21.43043,0.2985,1.0424,1.3856,0.5544,0.2449,477.1,7.35,180.4,42.51,0.0896,0.0588,0.0308,HIGH
1473,80.31777,21.92896,0.4474,1.5634,1.3524,0.3302,0.7899,158.6,19.42,126.1,13.53,0.5434,0.6973,0.1539,MEDIUM
1474,79.60621,21.88756,0.3801,1.3361,1.379,0.4192,0.5899,133.0,11.29,277.9,21.87,0.1651,0.146,0.0191,HIGH
1475,79.49055,21.60748,0.3359,1.3322,1.3927,0.443,0.4508,473.9,14.96,224.1,22.09,0.1844,0.0643,0.12,HIGH
1476,80.00139,21.32015,0.3539,1.1797,1.2026,0.392,0.5007,223.9,8.73,171.4,38.22,0.074,0.0317,0.0422,HIGH
1477,80.21177,21.9712,0.3856,1.3939,1.2964,0.2637,0.5295,254.5,16.51,280.6,13.97,0.1883,0.0856,0.1027,HIGH
1478,80.14343,21.30913,0.2945,1.1576,1.2214,0.4863,0.3287,192.4,16.76,84.7,51.73,0.0459,0.0058,0.0401,HIGH
1479,80.19672,21.86296,0.6643,1.779,1.5808,0.3155,1.1847,36.5,20.94,271.3,3.94,0.9503,1.0,0.0497,HIGH
1480,79.65337,22.07621,0.3106,0.9904,1.2058,0.4693,0.3014,474.2,9.4,311.5,41.79,0.0722,0.0008,0.0714,HIGH
1481,80.22675,21.65013,0.3615,1.2623,1.3705,0.3739,0.4455,376.8,18.11,316.3,21.79,0.1827,0.1385,0.0442,HIGH
1482,79.18031,21.48798,0.4324,1.4458,1.372,0.3224,0.6823,547.6,17.83,282.1,12.78,0.3521,0.2408,0.1113,HIGH
1483,79.81673,21.8639,0.4041,1.3075,1.2215,0.434,0.5359,76.3,10.84,146.9,24.66,0.1554,0.0665,0.0889,HIGH
1484,79.00864,21.9537,0.187,1.2339,1.2178,0.5153,0.2664,241.6,7.39,353.5,66.69,0.0594,0.0558,0.0036,HIGH
1485,79.48688,21.73714,0.3338,1.258,1.3779,0.6203,0.4715,115.8,15.44,136.7,20.38,0.0918,0.096,0.0042,HIGH
1486,79.54969,22.07363,0.2632,1.109,1.1426,0.6086,0.3113,454.4,15.33,229.9,43.46,0.0578,0.0175,0.0403,HIGH
1487,79.59426,21.34133,0.3944,1.1954,1.3659,0.5678,0.4229,253.6,8.83,58.0,28.25,0.229,0.2783,0.0493,HIGH
1488,80.0432,21.70384,0.3639,1.1885,1.1638,0.5697,0.3648,212.0,9.51,353.0,25.92,0.099,0.0042,0.0948,HIGH
1489,79.58284,21.87476,0.3252,1.285,1.2911,0.374,0.4253,171.7,12.07,253.4,21.52,0.0921,0.1676,0.0755,HIGH
1490,79.67304,21.99011,0.2995,1.2927,1.2516,0.4016,0.3786,312.9,8.95,271.2,32.21,0.1089,0.1365,0.0276,HIGH
1491,79.35632,21.4434,0.4558,1.4151,1.4119,0.2775,0.6494,478.0,16.74,23.7,10.71,0.6267,0.2372,0.3894,LOW
1492,79.55988,21.94,0.2926,1.2816,1.2416,0.596,0.3742,162.2,9.47,274.8,29.16,0.0523,0.0845,0.0322,HIGH
1493,79.3409,21.74217,0.3493,1.0193,1.4056,0.4671,0.4852,133.9,8.11,278.9,36.46,0.0542,0.081,0.0268,HIGH
1494,79.10979,21.61724,0.2616,1.1864,1.221,0.3876,0.2438,441.5,9.12,241.8,28.73,0.0965,0.0381,0.0583,HIGH
1495,79.90517,21.40537,0.4372,1.2569,1.5139,0.4325,0.45,406.5,20.62,105.1,23.95,0.5197,0.413,0.1067,HIGH
1496,80.00232,21.99224,0.3664,1.4008,1.3183,0.4726,0.5299,289.0,8.96,176.3,29.84,0.0622,0.031,0.0311,HIGH
1497,79.92924,21.42582,0.4066,1.254,1.3208,0.4921,0.4911,439.1,10.45,39.8,24.7,0.2297,0.1204,0.1094,HIGH
1498,79.69524,21.54783,0.5539,1.4613,1.6015,0.3157,0.8253,580.6,20.67,169.8,5.31,0.8747,0.6779,0.1968,MEDIUM
1499,79.56968,21.53204,0.3834,1.1507,1.559,0.3741,0.4704,589.7,22.08,87.8,19.33,0.5387,0.4136,0.1251,HIGH
1500,80.295,21.99713,0.3406,1.3919,1.3008,0.4786,0.5383,322.5,17.85,125.7,16.98,0.152,0.0244,0.1276,HIGH
